Release 14.5 - xst P.58f (nt64)
Copyright (c) 1995-2012 Xilinx, Inc.  All rights reserved.
--> Parameter TMPDIR set to xst/projnav.tmp


Total REAL time to Xst completion: 0.00 secs
Total CPU time to Xst completion: 0.08 secs
 
--> Parameter xsthdpdir set to xst


Total REAL time to Xst completion: 0.00 secs
Total CPU time to Xst completion: 0.09 secs
 
--> Reading design: main_entity.prj

TABLE OF CONTENTS
  1) Synthesis Options Summary
  2) HDL Parsing
  3) HDL Elaboration
  4) HDL Synthesis
       4.1) HDL Synthesis Report
  5) Advanced HDL Synthesis
       5.1) Advanced HDL Synthesis Report
  6) Low Level Synthesis
  7) Partition Report
  8) Design Summary
       8.1) Primitive and Black Box Usage
       8.2) Device utilization summary
       8.3) Partition Resource Summary
       8.4) Timing Report
            8.4.1) Clock Information
            8.4.2) Asynchronous Control Signals Information
            8.4.3) Timing Summary
            8.4.4) Timing Details
            8.4.5) Cross Clock Domains Report


=========================================================================
*                      Synthesis Options Summary                        *
=========================================================================
---- Source Parameters
Input File Name                    : "main_entity.prj"
Ignore Synthesis Constraint File   : NO

---- Target Parameters
Output File Name                   : "main_entity"
Output Format                      : NGC
Target Device                      : xc6slx16-3-csg324

---- Source Options
Top Module Name                    : main_entity
Automatic FSM Extraction           : YES
FSM Encoding Algorithm             : Auto
Safe Implementation                : No
FSM Style                          : LUT
RAM Extraction                     : Yes
RAM Style                          : Auto
ROM Extraction                     : Yes
Shift Register Extraction          : YES
ROM Style                          : Auto
Resource Sharing                   : YES
Asynchronous To Synchronous        : NO
Shift Register Minimum Size        : 2
Use DSP Block                      : Auto
Automatic Register Balancing       : No

---- Target Options
LUT Combining                      : Auto
Reduce Control Sets                : Auto
Add IO Buffers                     : YES
Global Maximum Fanout              : 100000
Add Generic Clock Buffer(BUFG)     : 16
Register Duplication               : YES
Optimize Instantiated Primitives   : NO
Use Clock Enable                   : Auto
Use Synchronous Set                : Auto
Use Synchronous Reset              : Auto
Pack IO Registers into IOBs        : Auto
Equivalent register Removal        : YES

---- General Options
Optimization Goal                  : Speed
Optimization Effort                : 1
Power Reduction                    : NO
Keep Hierarchy                     : No
Netlist Hierarchy                  : As_Optimized
RTL Output                         : Yes
Global Optimization                : AllClockNets
Read Cores                         : YES
Write Timing Constraints           : NO
Cross Clock Analysis               : NO
Hierarchy Separator                : /
Bus Delimiter                      : <>
Case Specifier                     : Maintain
Slice Utilization Ratio            : 100
BRAM Utilization Ratio             : 100
DSP48 Utilization Ratio            : 100
Auto BRAM Packing                  : NO
Slice Utilization Ratio Delta      : 5

=========================================================================


=========================================================================
*                          HDL Parsing                                  *
=========================================================================
Parsing VHDL file "F:\project-darabok\automat_bancar\freq_divider.vhd" into library work
Parsing entity <freq_divider>.
Parsing architecture <freq_divider_behavioral> of entity <freq_divider>.
Parsing VHDL file "F:\project-darabok\automat_bancar\DFF.vhd" into library work
Parsing entity <DFF>.
Parsing architecture <ARCH_DFF> of entity <dff>.
Parsing VHDL file "F:\project-darabok\automat_bancar\test2.vhd" into library work
Parsing entity <memory_code_pin>.
Parsing architecture <memory_rom> of entity <memory_code_pin>.
Parsing VHDL file "F:\project-darabok\automat_bancar\memory_money.vhd" into library work
Parsing entity <memory_money>.
Parsing architecture <money> of entity <memory_money>.
Parsing VHDL file "F:\project-darabok\automat_bancar\Debounce.vhd" into library work
Parsing entity <Debounce>.
Parsing architecture <ARCH_Debounce> of entity <debounce>.
Parsing VHDL file "F:\project-darabok\automat_bancar\counter_sum.vhd" into library work
Parsing entity <counter_sum>.
Parsing architecture <forming_the_sum> of entity <counter_sum>.
Parsing VHDL file "C:/Users/nagyhanna007/Downloads/sevenseg.vhd" into library work
Parsing entity <x7seg>.
Parsing architecture <x7seg> of entity <x7seg>.
Parsing VHDL file "F:\project-darabok\automat_bancar\main.vhd" into library work
Parsing entity <main_entity>.
Parsing architecture <MAIN_ARHITECTURE> of entity <main_entity>.

=========================================================================
*                            HDL Elaboration                            *
=========================================================================

Elaborating entity <main_entity> (architecture <MAIN_ARHITECTURE>) from library <work>.

Elaborating entity <Debounce> (architecture <ARCH_Debounce>) from library <work>.

Elaborating entity <freq_divider> (architecture <freq_divider_behavioral>) from library <work>.

Elaborating entity <DFF> (architecture <ARCH_DFF>) from library <work>.

Elaborating entity <memory_code_pin> (architecture <memory_rom>) from library <work>.

Elaborating entity <counter_sum> (architecture <forming_the_sum>) from library <work>.

Elaborating entity <memory_money> (architecture <money>) from library <work>.
WARNING:HDLCompiler:92 - "F:\project-darabok\automat_bancar\memory_money.vhd" Line 66: sum should be on the sensitivity list of the process
WARNING:HDLCompiler:92 - "F:\project-darabok\automat_bancar\memory_money.vhd" Line 69: sum should be on the sensitivity list of the process
WARNING:HDLCompiler:92 - "F:\project-darabok\automat_bancar\memory_money.vhd" Line 73: sum should be on the sensitivity list of the process
WARNING:HDLCompiler:92 - "F:\project-darabok\automat_bancar\memory_money.vhd" Line 76: sum should be on the sensitivity list of the process
WARNING:HDLCompiler:92 - "F:\project-darabok\automat_bancar\memory_money.vhd" Line 80: sum should be on the sensitivity list of the process
WARNING:HDLCompiler:92 - "F:\project-darabok\automat_bancar\memory_money.vhd" Line 82: sum should be on the sensitivity list of the process
WARNING:HDLCompiler:92 - "F:\project-darabok\automat_bancar\memory_money.vhd" Line 86: sum should be on the sensitivity list of the process
WARNING:HDLCompiler:92 - "F:\project-darabok\automat_bancar\memory_money.vhd" Line 88: sum should be on the sensitivity list of the process
WARNING:HDLCompiler:92 - "F:\project-darabok\automat_bancar\memory_money.vhd" Line 92: sum should be on the sensitivity list of the process
WARNING:HDLCompiler:92 - "F:\project-darabok\automat_bancar\memory_money.vhd" Line 94: sum should be on the sensitivity list of the process
WARNING:HDLCompiler:92 - "F:\project-darabok\automat_bancar\memory_money.vhd" Line 137: options should be on the sensitivity list of the process
WARNING:HDLCompiler:92 - "F:\project-darabok\automat_bancar\memory_money.vhd" Line 139: pin should be on the sensitivity list of the process
WARNING:HDLCompiler:92 - "F:\project-darabok\automat_bancar\memory_money.vhd" Line 141: sum should be on the sensitivity list of the process
WARNING:HDLCompiler:92 - "F:\project-darabok\automat_bancar\memory_money.vhd" Line 143: sum should be on the sensitivity list of the process
WARNING:HDLCompiler:92 - "F:\project-darabok\automat_bancar\memory_money.vhd" Line 145: sum should be on the sensitivity list of the process
WARNING:HDLCompiler:92 - "F:\project-darabok\automat_bancar\memory_money.vhd" Line 147: sum should be on the sensitivity list of the process
WARNING:HDLCompiler:92 - "F:\project-darabok\automat_bancar\memory_money.vhd" Line 149: sum should be on the sensitivity list of the process
WARNING:HDLCompiler:92 - "F:\project-darabok\automat_bancar\main.vhd" Line 199: aa should be on the sensitivity list of the process
WARNING:HDLCompiler:92 - "F:\project-darabok\automat_bancar\main.vhd" Line 200: aa should be on the sensitivity list of the process
WARNING:HDLCompiler:92 - "F:\project-darabok\automat_bancar\main.vhd" Line 201: aa should be on the sensitivity list of the process
WARNING:HDLCompiler:92 - "F:\project-darabok\automat_bancar\main.vhd" Line 202: aa should be on the sensitivity list of the process
WARNING:HDLCompiler:92 - "F:\project-darabok\automat_bancar\main.vhd" Line 203: d should be on the sensitivity list of the process

Elaborating entity <x7seg> (architecture <x7seg>) from library <work>.
INFO:HDLCompiler:679 - "C:/Users/nagyhanna007/Downloads/sevenseg.vhd" Line 107. Case statement is complete. others clause is never selected

=========================================================================
*                           HDL Synthesis                               *
=========================================================================

Synthesizing Unit <main_entity>.
    Related source file is "F:\project-darabok\automat_bancar\main.vhd".
INFO:Xst:3210 - "F:\project-darabok\automat_bancar\main.vhd" line 209: Output port <dp> of the instance <U5> is unconnected or connected to loadless signal.
    Found 4-bit adder for signal <GND_5_o_GND_5_o_add_2_OUT> created at line 148.
    Found 4-bit adder for signal <GND_5_o_GND_5_o_add_5_OUT> created at line 148.
    Found 4-bit adder for signal <GND_5_o_GND_5_o_add_7_OUT> created at line 148.
    Found 4-bit adder for signal <n0321> created at line 148.
    Found 4-bit adder for signal <GND_5_o_GND_5_o_add_11_OUT> created at line 148.
    Found 4-bit adder for signal <GND_5_o_GND_5_o_add_13_OUT> created at line 148.
    Found 4-bit adder for signal <GND_5_o_GND_5_o_add_15_OUT> created at line 148.
    Found 4-bit adder for signal <n0325> created at line 148.
    Found 4-bit adder for signal <GND_5_o_GND_5_o_add_19_OUT> created at line 148.
    Found 4-bit adder for signal <GND_5_o_GND_5_o_add_21_OUT> created at line 148.
    Found 4-bit adder for signal <GND_5_o_GND_5_o_add_23_OUT> created at line 148.
    Found 4-bit adder for signal <n0329> created at line 148.
    Found 4-bit adder for signal <GND_5_o_GND_5_o_add_27_OUT> created at line 148.
    Found 4-bit adder for signal <GND_5_o_GND_5_o_add_29_OUT> created at line 148.
    Found 4-bit adder for signal <GND_5_o_GND_5_o_add_31_OUT> created at line 148.
    Found 4-bit adder for signal <n0333> created at line 148.
    Found 4-bit adder for signal <remained_money_in_binary[12]_GND_5_o_add_35_OUT> created at line 148.
    Found 4-bit adder for signal <GND_5_o_GND_5_o_add_37_OUT> created at line 148.
    Found 4-bit adder for signal <GND_5_o_GND_5_o_add_39_OUT> created at line 148.
    Found 4-bit adder for signal <n0337> created at line 148.
    Found 4-bit adder for signal <remained_money_in_binary[11]_GND_5_o_add_43_OUT> created at line 148.
    Found 4-bit adder for signal <GND_5_o_GND_5_o_add_45_OUT> created at line 148.
    Found 4-bit adder for signal <GND_5_o_GND_5_o_add_47_OUT> created at line 148.
    Found 4-bit adder for signal <n0341> created at line 148.
    Found 4-bit adder for signal <remained_money_in_binary[10]_GND_5_o_add_51_OUT> created at line 148.
    Found 4-bit adder for signal <GND_5_o_GND_5_o_add_53_OUT> created at line 148.
    Found 4-bit adder for signal <GND_5_o_GND_5_o_add_55_OUT> created at line 148.
    Found 4-bit adder for signal <n0345> created at line 148.
    Found 4-bit adder for signal <remained_money_in_binary[9]_GND_5_o_add_59_OUT> created at line 148.
    Found 4-bit adder for signal <GND_5_o_GND_5_o_add_61_OUT> created at line 148.
    Found 4-bit adder for signal <GND_5_o_GND_5_o_add_63_OUT> created at line 148.
    Found 4-bit adder for signal <n0349> created at line 148.
    Found 4-bit adder for signal <remained_money_in_binary[8]_GND_5_o_add_67_OUT> created at line 148.
    Found 4-bit adder for signal <remained_money_in_binary[12]_GND_5_o_add_69_OUT> created at line 148.
    Found 4-bit adder for signal <GND_5_o_GND_5_o_add_71_OUT> created at line 148.
    Found 4-bit adder for signal <n0353> created at line 148.
    Found 4-bit adder for signal <remained_money_in_binary[7]_GND_5_o_add_75_OUT> created at line 148.
    Found 4-bit adder for signal <remained_money_in_binary[11]_GND_5_o_add_77_OUT> created at line 148.
    Found 4-bit adder for signal <GND_5_o_GND_5_o_add_79_OUT> created at line 148.
    Found 4-bit adder for signal <n0357> created at line 148.
    Found 4-bit adder for signal <remained_money_in_binary[6]_GND_5_o_add_83_OUT> created at line 148.
    Found 4-bit adder for signal <remained_money_in_binary[10]_GND_5_o_add_85_OUT> created at line 148.
    Found 4-bit adder for signal <GND_5_o_GND_5_o_add_87_OUT> created at line 148.
    Found 4-bit adder for signal <n0361> created at line 148.
    Found 4-bit adder for signal <remained_money_in_binary[5]_GND_5_o_add_91_OUT> created at line 148.
    Found 4-bit adder for signal <remained_money_in_binary[9]_GND_5_o_add_93_OUT> created at line 148.
    Found 4-bit adder for signal <GND_5_o_GND_5_o_add_95_OUT> created at line 148.
    Found 4-bit adder for signal <n0365> created at line 148.
    Found 4-bit adder for signal <remained_money_in_binary[4]_GND_5_o_add_99_OUT> created at line 148.
    Found 4-bit adder for signal <remained_money_in_binary[8]_GND_5_o_add_101_OUT> created at line 148.
    Found 4-bit adder for signal <remained_money_in_binary[12]_GND_5_o_add_103_OUT> created at line 148.
    Found 4-bit adder for signal <n0369> created at line 148.
    Found 3-bit comparator greater for signal <PWR_5_o_remained_money_in_binary[15]_LessThan_2_o> created at line 147
    Found 4-bit comparator greater for signal <GND_5_o_GND_5_o_LessThan_5_o> created at line 147
    Found 4-bit comparator greater for signal <GND_5_o_GND_5_o_LessThan_7_o> created at line 147
    Found 4-bit comparator greater for signal <GND_5_o_GND_5_o_LessThan_9_o> created at line 147
    Found 4-bit comparator greater for signal <GND_5_o_GND_5_o_LessThan_11_o> created at line 147
    Found 4-bit comparator greater for signal <GND_5_o_GND_5_o_LessThan_13_o> created at line 147
    Found 4-bit comparator greater for signal <GND_5_o_GND_5_o_LessThan_15_o> created at line 147
    Found 4-bit comparator greater for signal <GND_5_o_GND_5_o_LessThan_17_o> created at line 147
    Found 4-bit comparator greater for signal <GND_5_o_GND_5_o_LessThan_19_o> created at line 147
    Found 4-bit comparator greater for signal <GND_5_o_GND_5_o_LessThan_21_o> created at line 147
    Found 4-bit comparator greater for signal <GND_5_o_GND_5_o_LessThan_23_o> created at line 147
    Found 4-bit comparator greater for signal <GND_5_o_GND_5_o_LessThan_25_o> created at line 147
    Found 4-bit comparator greater for signal <GND_5_o_GND_5_o_LessThan_27_o> created at line 147
    Found 4-bit comparator greater for signal <GND_5_o_GND_5_o_LessThan_29_o> created at line 147
    Found 4-bit comparator greater for signal <GND_5_o_GND_5_o_LessThan_31_o> created at line 147
    Found 4-bit comparator greater for signal <GND_5_o_GND_5_o_LessThan_33_o> created at line 147
    Found 4-bit comparator greater for signal <GND_5_o_remained_money_in_binary[12]_LessThan_35_o> created at line 147
    Found 4-bit comparator greater for signal <GND_5_o_GND_5_o_LessThan_37_o> created at line 147
    Found 4-bit comparator greater for signal <GND_5_o_GND_5_o_LessThan_39_o> created at line 147
    Found 4-bit comparator greater for signal <GND_5_o_GND_5_o_LessThan_41_o> created at line 147
    Found 4-bit comparator greater for signal <GND_5_o_remained_money_in_binary[11]_LessThan_43_o> created at line 147
    Found 4-bit comparator greater for signal <GND_5_o_GND_5_o_LessThan_45_o> created at line 147
    Found 4-bit comparator greater for signal <GND_5_o_GND_5_o_LessThan_47_o> created at line 147
    Found 4-bit comparator greater for signal <GND_5_o_GND_5_o_LessThan_49_o> created at line 147
    Found 4-bit comparator greater for signal <GND_5_o_remained_money_in_binary[10]_LessThan_51_o> created at line 147
    Found 4-bit comparator greater for signal <GND_5_o_GND_5_o_LessThan_53_o> created at line 147
    Found 4-bit comparator greater for signal <GND_5_o_GND_5_o_LessThan_55_o> created at line 147
    Found 4-bit comparator greater for signal <GND_5_o_GND_5_o_LessThan_57_o> created at line 147
    Found 4-bit comparator greater for signal <GND_5_o_remained_money_in_binary[9]_LessThan_59_o> created at line 147
    Found 4-bit comparator greater for signal <GND_5_o_GND_5_o_LessThan_61_o> created at line 147
    Found 4-bit comparator greater for signal <GND_5_o_GND_5_o_LessThan_63_o> created at line 147
    Found 4-bit comparator greater for signal <GND_5_o_GND_5_o_LessThan_65_o> created at line 147
    Found 4-bit comparator greater for signal <GND_5_o_remained_money_in_binary[8]_LessThan_67_o> created at line 147
    Found 4-bit comparator greater for signal <GND_5_o_remained_money_in_binary[12]_LessThan_69_o> created at line 147
    Found 4-bit comparator greater for signal <GND_5_o_GND_5_o_LessThan_71_o> created at line 147
    Found 4-bit comparator greater for signal <GND_5_o_GND_5_o_LessThan_73_o> created at line 147
    Found 4-bit comparator greater for signal <GND_5_o_remained_money_in_binary[7]_LessThan_75_o> created at line 147
    Found 4-bit comparator greater for signal <GND_5_o_remained_money_in_binary[11]_LessThan_77_o> created at line 147
    Found 4-bit comparator greater for signal <GND_5_o_GND_5_o_LessThan_79_o> created at line 147
    Found 4-bit comparator greater for signal <GND_5_o_GND_5_o_LessThan_81_o> created at line 147
    Found 4-bit comparator greater for signal <GND_5_o_remained_money_in_binary[6]_LessThan_83_o> created at line 147
    Found 4-bit comparator greater for signal <GND_5_o_remained_money_in_binary[10]_LessThan_85_o> created at line 147
    Found 4-bit comparator greater for signal <GND_5_o_GND_5_o_LessThan_87_o> created at line 147
    Found 4-bit comparator greater for signal <GND_5_o_GND_5_o_LessThan_89_o> created at line 147
    Found 4-bit comparator greater for signal <GND_5_o_remained_money_in_binary[5]_LessThan_91_o> created at line 147
    Found 4-bit comparator greater for signal <GND_5_o_remained_money_in_binary[9]_LessThan_93_o> created at line 147
    Found 4-bit comparator greater for signal <GND_5_o_GND_5_o_LessThan_95_o> created at line 147
    Found 4-bit comparator greater for signal <GND_5_o_GND_5_o_LessThan_97_o> created at line 147
    Found 4-bit comparator greater for signal <GND_5_o_remained_money_in_binary[4]_LessThan_99_o> created at line 147
    Found 4-bit comparator greater for signal <GND_5_o_remained_money_in_binary[8]_LessThan_101_o> created at line 147
    Found 4-bit comparator greater for signal <GND_5_o_remained_money_in_binary[12]_LessThan_103_o> created at line 147
    Found 4-bit comparator greater for signal <GND_5_o_GND_5_o_LessThan_105_o> created at line 147
    Summary:
	inferred  52 Adder/Subtractor(s).
	inferred  52 Comparator(s).
	inferred 192 Multiplexer(s).
Unit <main_entity> synthesized.

Synthesizing Unit <Debounce>.
    Related source file is "F:\project-darabok\automat_bancar\Debounce.vhd".
    Summary:
	no macro.
Unit <Debounce> synthesized.

Synthesizing Unit <freq_divider>.
    Related source file is "F:\project-darabok\automat_bancar\freq_divider.vhd".
WARNING:Xst:647 - Input <RST> is never used. This port will be preserved and left unconnected if it belongs to a top-level block or it belongs to a sub-block and the hierarchy of this sub-block is preserved.
    Found 19-bit register for signal <count>.
    Found 1-bit register for signal <CLK0>.
    Found 19-bit adder for signal <count[18]_GND_7_o_add_1_OUT> created at line 22.
    Summary:
	inferred   1 Adder/Subtractor(s).
	inferred  20 D-type flip-flop(s).
Unit <freq_divider> synthesized.

Synthesizing Unit <DFF>.
    Related source file is "F:\project-darabok\automat_bancar\DFF.vhd".
    Found 1-bit register for signal <Q>.
    Summary:
	inferred   1 D-type flip-flop(s).
Unit <DFF> synthesized.

Synthesizing Unit <memory_code_pin>.
    Related source file is "F:\project-darabok\automat_bancar\test2.vhd".
WARNING:Xst:737 - Found 1-bit latch for signal <index_of_client<30>>. Latches may be generated from incomplete case or if statements. We do not recommend the use of latches in FPGA/CPLD designs, as they may lead to timing problems.
WARNING:Xst:737 - Found 1-bit latch for signal <index_of_client<29>>. Latches may be generated from incomplete case or if statements. We do not recommend the use of latches in FPGA/CPLD designs, as they may lead to timing problems.
WARNING:Xst:737 - Found 1-bit latch for signal <index_of_client<28>>. Latches may be generated from incomplete case or if statements. We do not recommend the use of latches in FPGA/CPLD designs, as they may lead to timing problems.
WARNING:Xst:737 - Found 1-bit latch for signal <index_of_client<27>>. Latches may be generated from incomplete case or if statements. We do not recommend the use of latches in FPGA/CPLD designs, as they may lead to timing problems.
WARNING:Xst:737 - Found 1-bit latch for signal <index_of_client<26>>. Latches may be generated from incomplete case or if statements. We do not recommend the use of latches in FPGA/CPLD designs, as they may lead to timing problems.
WARNING:Xst:737 - Found 1-bit latch for signal <index_of_client<25>>. Latches may be generated from incomplete case or if statements. We do not recommend the use of latches in FPGA/CPLD designs, as they may lead to timing problems.
WARNING:Xst:737 - Found 1-bit latch for signal <index_of_client<24>>. Latches may be generated from incomplete case or if statements. We do not recommend the use of latches in FPGA/CPLD designs, as they may lead to timing problems.
WARNING:Xst:737 - Found 1-bit latch for signal <index_of_client<23>>. Latches may be generated from incomplete case or if statements. We do not recommend the use of latches in FPGA/CPLD designs, as they may lead to timing problems.
WARNING:Xst:737 - Found 1-bit latch for signal <index_of_client<22>>. Latches may be generated from incomplete case or if statements. We do not recommend the use of latches in FPGA/CPLD designs, as they may lead to timing problems.
WARNING:Xst:737 - Found 1-bit latch for signal <index_of_client<21>>. Latches may be generated from incomplete case or if statements. We do not recommend the use of latches in FPGA/CPLD designs, as they may lead to timing problems.
WARNING:Xst:737 - Found 1-bit latch for signal <index_of_client<20>>. Latches may be generated from incomplete case or if statements. We do not recommend the use of latches in FPGA/CPLD designs, as they may lead to timing problems.
WARNING:Xst:737 - Found 1-bit latch for signal <index_of_client<19>>. Latches may be generated from incomplete case or if statements. We do not recommend the use of latches in FPGA/CPLD designs, as they may lead to timing problems.
WARNING:Xst:737 - Found 1-bit latch for signal <index_of_client<18>>. Latches may be generated from incomplete case or if statements. We do not recommend the use of latches in FPGA/CPLD designs, as they may lead to timing problems.
WARNING:Xst:737 - Found 1-bit latch for signal <index_of_client<17>>. Latches may be generated from incomplete case or if statements. We do not recommend the use of latches in FPGA/CPLD designs, as they may lead to timing problems.
WARNING:Xst:737 - Found 1-bit latch for signal <index_of_client<16>>. Latches may be generated from incomplete case or if statements. We do not recommend the use of latches in FPGA/CPLD designs, as they may lead to timing problems.
WARNING:Xst:737 - Found 1-bit latch for signal <index_of_client<15>>. Latches may be generated from incomplete case or if statements. We do not recommend the use of latches in FPGA/CPLD designs, as they may lead to timing problems.
WARNING:Xst:737 - Found 1-bit latch for signal <index_of_client<14>>. Latches may be generated from incomplete case or if statements. We do not recommend the use of latches in FPGA/CPLD designs, as they may lead to timing problems.
WARNING:Xst:737 - Found 1-bit latch for signal <index_of_client<13>>. Latches may be generated from incomplete case or if statements. We do not recommend the use of latches in FPGA/CPLD designs, as they may lead to timing problems.
WARNING:Xst:737 - Found 1-bit latch for signal <index_of_client<12>>. Latches may be generated from incomplete case or if statements. We do not recommend the use of latches in FPGA/CPLD designs, as they may lead to timing problems.
WARNING:Xst:737 - Found 1-bit latch for signal <index_of_client<11>>. Latches may be generated from incomplete case or if statements. We do not recommend the use of latches in FPGA/CPLD designs, as they may lead to timing problems.
WARNING:Xst:737 - Found 1-bit latch for signal <index_of_client<10>>. Latches may be generated from incomplete case or if statements. We do not recommend the use of latches in FPGA/CPLD designs, as they may lead to timing problems.
WARNING:Xst:737 - Found 1-bit latch for signal <index_of_client<9>>. Latches may be generated from incomplete case or if statements. We do not recommend the use of latches in FPGA/CPLD designs, as they may lead to timing problems.
WARNING:Xst:737 - Found 1-bit latch for signal <index_of_client<8>>. Latches may be generated from incomplete case or if statements. We do not recommend the use of latches in FPGA/CPLD designs, as they may lead to timing problems.
WARNING:Xst:737 - Found 1-bit latch for signal <index_of_client<7>>. Latches may be generated from incomplete case or if statements. We do not recommend the use of latches in FPGA/CPLD designs, as they may lead to timing problems.
WARNING:Xst:737 - Found 1-bit latch for signal <index_of_client<6>>. Latches may be generated from incomplete case or if statements. We do not recommend the use of latches in FPGA/CPLD designs, as they may lead to timing problems.
WARNING:Xst:737 - Found 1-bit latch for signal <index_of_client<5>>. Latches may be generated from incomplete case or if statements. We do not recommend the use of latches in FPGA/CPLD designs, as they may lead to timing problems.
WARNING:Xst:737 - Found 1-bit latch for signal <index_of_client<4>>. Latches may be generated from incomplete case or if statements. We do not recommend the use of latches in FPGA/CPLD designs, as they may lead to timing problems.
WARNING:Xst:737 - Found 1-bit latch for signal <index_of_client<3>>. Latches may be generated from incomplete case or if statements. We do not recommend the use of latches in FPGA/CPLD designs, as they may lead to timing problems.
WARNING:Xst:737 - Found 1-bit latch for signal <index_of_client<2>>. Latches may be generated from incomplete case or if statements. We do not recommend the use of latches in FPGA/CPLD designs, as they may lead to timing problems.
WARNING:Xst:737 - Found 1-bit latch for signal <index_of_client<1>>. Latches may be generated from incomplete case or if statements. We do not recommend the use of latches in FPGA/CPLD designs, as they may lead to timing problems.
WARNING:Xst:737 - Found 1-bit latch for signal <index_of_client<0>>. Latches may be generated from incomplete case or if statements. We do not recommend the use of latches in FPGA/CPLD designs, as they may lead to timing problems.
WARNING:Xst:737 - Found 1-bit latch for signal <index_of_client<31>>. Latches may be generated from incomplete case or if statements. We do not recommend the use of latches in FPGA/CPLD designs, as they may lead to timing problems.
    Summary:
	inferred  32 Latch(s).
	inferred 529 Multiplexer(s).
Unit <memory_code_pin> synthesized.

Synthesizing Unit <counter_sum>.
    Related source file is "F:\project-darabok\automat_bancar\counter_sum.vhd".
    Found 31-bit register for signal <count_clock1>.
    Found 31-bit register for signal <money>.
    Found 31-bit register for signal <count_clock0>.
    Found 31-bit adder for signal <count_clock0[30]_GND_46_o_add_0_OUT> created at line 55.
    Found 31-bit adder for signal <count_clock1[30]_GND_46_o_add_4_OUT> created at line 60.
    Found 32-bit adder for signal <n0020> created at line 66.
    Found 31x4-bit multiplier for signal <n0026> created at line 66.
    Found 31x7-bit multiplier for signal <n0027> created at line 66.
    Found 31-bit comparator greater for signal <GND_46_o_count_clock0[30]_LessThan_2_o> created at line 56
    Found 31-bit comparator greater for signal <GND_46_o_count_clock0[30]_LessThan_6_o> created at line 61
    Summary:
	inferred   2 Multiplier(s).
	inferred   3 Adder/Subtractor(s).
	inferred  93 D-type flip-flop(s).
	inferred   2 Comparator(s).
	inferred   1 Multiplexer(s).
Unit <counter_sum> synthesized.

Synthesizing Unit <memory_money>.
    Related source file is "F:\project-darabok\automat_bancar\memory_money.vhd".
    Found 31-bit register for signal <sum<4>>.
    Found 31-bit register for signal <sum<3>>.
    Found 31-bit register for signal <sum<2>>.
    Found 31-bit register for signal <sum<1>>.
    Found 31-bit register for signal <sum<0>>.
    Found 1-bit register for signal <remained_money<30>>.
    Found 1-bit register for signal <remained_money<29>>.
    Found 1-bit register for signal <remained_money<28>>.
    Found 1-bit register for signal <remained_money<27>>.
    Found 1-bit register for signal <remained_money<26>>.
    Found 1-bit register for signal <remained_money<25>>.
    Found 1-bit register for signal <remained_money<24>>.
    Found 1-bit register for signal <remained_money<23>>.
    Found 1-bit register for signal <remained_money<22>>.
    Found 1-bit register for signal <remained_money<21>>.
    Found 1-bit register for signal <remained_money<20>>.
    Found 1-bit register for signal <remained_money<19>>.
    Found 1-bit register for signal <remained_money<18>>.
    Found 1-bit register for signal <remained_money<17>>.
    Found 1-bit register for signal <remained_money<16>>.
    Found 1-bit register for signal <remained_money<15>>.
    Found 1-bit register for signal <remained_money<14>>.
    Found 1-bit register for signal <remained_money<13>>.
    Found 1-bit register for signal <remained_money<12>>.
    Found 1-bit register for signal <remained_money<11>>.
    Found 1-bit register for signal <remained_money<10>>.
    Found 1-bit register for signal <remained_money<9>>.
    Found 1-bit register for signal <remained_money<8>>.
    Found 1-bit register for signal <remained_money<7>>.
    Found 1-bit register for signal <remained_money<6>>.
    Found 1-bit register for signal <remained_money<5>>.
    Found 1-bit register for signal <remained_money<4>>.
    Found 1-bit register for signal <remained_money<3>>.
    Found 1-bit register for signal <remained_money<2>>.
    Found 1-bit register for signal <remained_money<1>>.
    Found 1-bit register for signal <remained_money<0>>.
    Found 31-bit subtractor for signal <GND_49_o_GND_49_o_sub_2_OUT<30:0>> created at line 66.
    Found 31-bit subtractor for signal <GND_49_o_GND_49_o_sub_5_OUT<30:0>> created at line 73.
    Found 31-bit subtractor for signal <GND_49_o_GND_49_o_sub_8_OUT<30:0>> created at line 80.
    Found 31-bit subtractor for signal <GND_49_o_GND_49_o_sub_11_OUT<30:0>> created at line 86.
    Found 31-bit subtractor for signal <GND_49_o_GND_49_o_sub_14_OUT<30:0>> created at line 92.
    Found 1-bit 7-to-1 multiplexer for signal <pin[2]_eliberate_amountOfmoney[30]_Mux_16_o> created at line 64.
    Found 1-bit 5-to-1 multiplexer for signal <pin[2]_sum[4][30]_Mux_18_o> created at line 64.
    Found 1-bit 5-to-1 multiplexer for signal <pin[2]_sum[4][30]_Mux_20_o> created at line 64.
    Found 1-bit 5-to-1 multiplexer for signal <pin[2]_sum[4][30]_Mux_22_o> created at line 64.
    Found 1-bit 5-to-1 multiplexer for signal <pin[2]_sum[4][30]_Mux_24_o> created at line 64.
    Found 1-bit 5-to-1 multiplexer for signal <pin[2]_sum[4][30]_Mux_26_o> created at line 64.
    Found 1-bit 5-to-1 multiplexer for signal <pin[2]_sum[4][30]_Mux_28_o> created at line 64.
    Found 1-bit 5-to-1 multiplexer for signal <pin[2]_sum[4][30]_Mux_30_o> created at line 64.
    Found 1-bit 5-to-1 multiplexer for signal <pin[2]_sum[4][30]_Mux_32_o> created at line 64.
    Found 1-bit 5-to-1 multiplexer for signal <pin[2]_sum[4][30]_Mux_34_o> created at line 64.
    Found 1-bit 5-to-1 multiplexer for signal <pin[2]_sum[4][30]_Mux_36_o> created at line 64.
    Found 1-bit 5-to-1 multiplexer for signal <pin[2]_sum[4][30]_Mux_38_o> created at line 64.
    Found 1-bit 5-to-1 multiplexer for signal <pin[2]_sum[4][30]_Mux_40_o> created at line 64.
    Found 1-bit 5-to-1 multiplexer for signal <pin[2]_sum[4][30]_Mux_42_o> created at line 64.
    Found 1-bit 5-to-1 multiplexer for signal <pin[2]_sum[4][30]_Mux_44_o> created at line 64.
    Found 1-bit 5-to-1 multiplexer for signal <pin[2]_sum[4][30]_Mux_46_o> created at line 64.
    Found 1-bit 5-to-1 multiplexer for signal <pin[2]_sum[4][30]_Mux_48_o> created at line 64.
    Found 1-bit 5-to-1 multiplexer for signal <pin[2]_sum[4][30]_Mux_50_o> created at line 64.
    Found 1-bit 5-to-1 multiplexer for signal <pin[2]_sum[4][30]_Mux_52_o> created at line 64.
    Found 1-bit 5-to-1 multiplexer for signal <pin[2]_sum[4][30]_Mux_54_o> created at line 64.
    Found 1-bit 5-to-1 multiplexer for signal <pin[2]_sum[4][30]_Mux_56_o> created at line 64.
    Found 1-bit 5-to-1 multiplexer for signal <pin[2]_sum[4][30]_Mux_58_o> created at line 64.
    Found 1-bit 5-to-1 multiplexer for signal <pin[2]_sum[4][30]_Mux_60_o> created at line 64.
    Found 1-bit 5-to-1 multiplexer for signal <pin[2]_sum[4][30]_Mux_62_o> created at line 64.
    Found 1-bit 5-to-1 multiplexer for signal <pin[2]_sum[4][30]_Mux_64_o> created at line 64.
    Found 1-bit 5-to-1 multiplexer for signal <pin[2]_sum[4][30]_Mux_66_o> created at line 64.
    Found 1-bit 5-to-1 multiplexer for signal <pin[2]_sum[4][30]_Mux_68_o> created at line 64.
    Found 1-bit 5-to-1 multiplexer for signal <pin[2]_sum[4][30]_Mux_70_o> created at line 64.
    Found 1-bit 5-to-1 multiplexer for signal <pin[2]_sum[4][30]_Mux_72_o> created at line 64.
    Found 1-bit 5-to-1 multiplexer for signal <pin[2]_sum[4][30]_Mux_74_o> created at line 64.
    Found 1-bit 5-to-1 multiplexer for signal <pin[2]_sum[4][30]_Mux_76_o> created at line 64.
    Found 1-bit 5-to-1 multiplexer for signal <pin[2]_sum[4][30]_Mux_78_o> created at line 64.
    Found 31-bit 7-to-1 multiplexer for signal <pin[2]_sum[4][30]_wide_mux_92_OUT> created at line 139.
WARNING:Xst:737 - Found 1-bit latch for signal <inter<29>>. Latches may be generated from incomplete case or if statements. We do not recommend the use of latches in FPGA/CPLD designs, as they may lead to timing problems.
WARNING:Xst:737 - Found 1-bit latch for signal <inter<28>>. Latches may be generated from incomplete case or if statements. We do not recommend the use of latches in FPGA/CPLD designs, as they may lead to timing problems.
WARNING:Xst:737 - Found 1-bit latch for signal <inter<27>>. Latches may be generated from incomplete case or if statements. We do not recommend the use of latches in FPGA/CPLD designs, as they may lead to timing problems.
WARNING:Xst:737 - Found 1-bit latch for signal <inter<26>>. Latches may be generated from incomplete case or if statements. We do not recommend the use of latches in FPGA/CPLD designs, as they may lead to timing problems.
WARNING:Xst:737 - Found 1-bit latch for signal <inter<25>>. Latches may be generated from incomplete case or if statements. We do not recommend the use of latches in FPGA/CPLD designs, as they may lead to timing problems.
WARNING:Xst:737 - Found 1-bit latch for signal <inter<24>>. Latches may be generated from incomplete case or if statements. We do not recommend the use of latches in FPGA/CPLD designs, as they may lead to timing problems.
WARNING:Xst:737 - Found 1-bit latch for signal <inter<23>>. Latches may be generated from incomplete case or if statements. We do not recommend the use of latches in FPGA/CPLD designs, as they may lead to timing problems.
WARNING:Xst:737 - Found 1-bit latch for signal <inter<22>>. Latches may be generated from incomplete case or if statements. We do not recommend the use of latches in FPGA/CPLD designs, as they may lead to timing problems.
WARNING:Xst:737 - Found 1-bit latch for signal <inter<21>>. Latches may be generated from incomplete case or if statements. We do not recommend the use of latches in FPGA/CPLD designs, as they may lead to timing problems.
WARNING:Xst:737 - Found 1-bit latch for signal <inter<20>>. Latches may be generated from incomplete case or if statements. We do not recommend the use of latches in FPGA/CPLD designs, as they may lead to timing problems.
WARNING:Xst:737 - Found 1-bit latch for signal <inter<19>>. Latches may be generated from incomplete case or if statements. We do not recommend the use of latches in FPGA/CPLD designs, as they may lead to timing problems.
WARNING:Xst:737 - Found 1-bit latch for signal <inter<18>>. Latches may be generated from incomplete case or if statements. We do not recommend the use of latches in FPGA/CPLD designs, as they may lead to timing problems.
WARNING:Xst:737 - Found 1-bit latch for signal <inter<17>>. Latches may be generated from incomplete case or if statements. We do not recommend the use of latches in FPGA/CPLD designs, as they may lead to timing problems.
WARNING:Xst:737 - Found 1-bit latch for signal <inter<16>>. Latches may be generated from incomplete case or if statements. We do not recommend the use of latches in FPGA/CPLD designs, as they may lead to timing problems.
WARNING:Xst:737 - Found 1-bit latch for signal <inter<15>>. Latches may be generated from incomplete case or if statements. We do not recommend the use of latches in FPGA/CPLD designs, as they may lead to timing problems.
WARNING:Xst:737 - Found 1-bit latch for signal <inter<14>>. Latches may be generated from incomplete case or if statements. We do not recommend the use of latches in FPGA/CPLD designs, as they may lead to timing problems.
WARNING:Xst:737 - Found 1-bit latch for signal <inter<13>>. Latches may be generated from incomplete case or if statements. We do not recommend the use of latches in FPGA/CPLD designs, as they may lead to timing problems.
WARNING:Xst:737 - Found 1-bit latch for signal <inter<12>>. Latches may be generated from incomplete case or if statements. We do not recommend the use of latches in FPGA/CPLD designs, as they may lead to timing problems.
WARNING:Xst:737 - Found 1-bit latch for signal <inter<11>>. Latches may be generated from incomplete case or if statements. We do not recommend the use of latches in FPGA/CPLD designs, as they may lead to timing problems.
WARNING:Xst:737 - Found 1-bit latch for signal <inter<10>>. Latches may be generated from incomplete case or if statements. We do not recommend the use of latches in FPGA/CPLD designs, as they may lead to timing problems.
WARNING:Xst:737 - Found 1-bit latch for signal <inter<9>>. Latches may be generated from incomplete case or if statements. We do not recommend the use of latches in FPGA/CPLD designs, as they may lead to timing problems.
WARNING:Xst:737 - Found 1-bit latch for signal <inter<8>>. Latches may be generated from incomplete case or if statements. We do not recommend the use of latches in FPGA/CPLD designs, as they may lead to timing problems.
WARNING:Xst:737 - Found 1-bit latch for signal <inter<7>>. Latches may be generated from incomplete case or if statements. We do not recommend the use of latches in FPGA/CPLD designs, as they may lead to timing problems.
WARNING:Xst:737 - Found 1-bit latch for signal <inter<6>>. Latches may be generated from incomplete case or if statements. We do not recommend the use of latches in FPGA/CPLD designs, as they may lead to timing problems.
WARNING:Xst:737 - Found 1-bit latch for signal <inter<5>>. Latches may be generated from incomplete case or if statements. We do not recommend the use of latches in FPGA/CPLD designs, as they may lead to timing problems.
WARNING:Xst:737 - Found 1-bit latch for signal <inter<4>>. Latches may be generated from incomplete case or if statements. We do not recommend the use of latches in FPGA/CPLD designs, as they may lead to timing problems.
WARNING:Xst:737 - Found 1-bit latch for signal <inter<3>>. Latches may be generated from incomplete case or if statements. We do not recommend the use of latches in FPGA/CPLD designs, as they may lead to timing problems.
WARNING:Xst:737 - Found 1-bit latch for signal <inter<2>>. Latches may be generated from incomplete case or if statements. We do not recommend the use of latches in FPGA/CPLD designs, as they may lead to timing problems.
WARNING:Xst:737 - Found 1-bit latch for signal <inter<1>>. Latches may be generated from incomplete case or if statements. We do not recommend the use of latches in FPGA/CPLD designs, as they may lead to timing problems.
WARNING:Xst:737 - Found 1-bit latch for signal <inter<0>>. Latches may be generated from incomplete case or if statements. We do not recommend the use of latches in FPGA/CPLD designs, as they may lead to timing problems.
WARNING:Xst:737 - Found 1-bit latch for signal <inter<30>>. Latches may be generated from incomplete case or if statements. We do not recommend the use of latches in FPGA/CPLD designs, as they may lead to timing problems.
    Found 31-bit comparator greater for signal <eliberate_amountOfmoney[30]_sum[0][30]_LessThan_1_o> created at line 66
    Found 31-bit comparator greater for signal <eliberate_amountOfmoney[30]_sum[1][30]_LessThan_4_o> created at line 73
    Found 31-bit comparator greater for signal <eliberate_amountOfmoney[30]_sum[2][30]_LessThan_7_o> created at line 80
    Found 31-bit comparator greater for signal <eliberate_amountOfmoney[30]_sum[3][30]_LessThan_10_o> created at line 86
    Found 31-bit comparator greater for signal <eliberate_amountOfmoney[30]_sum[4][30]_LessThan_13_o> created at line 92
    Summary:
	inferred   5 Adder/Subtractor(s).
	inferred 186 D-type flip-flop(s).
	inferred  31 Latch(s).
	inferred   5 Comparator(s).
	inferred  40 Multiplexer(s).
Unit <memory_money> synthesized.

Synthesizing Unit <x7seg>.
    Related source file is "C:/Users/nagyhanna007/Downloads/sevenseg.vhd".
    Found 21-bit register for signal <clkdiv>.
    Found 21-bit adder for signal <clkdiv[20]_GND_81_o_add_6_OUT> created at line 79.
    Found 16x7-bit Read Only RAM for signal <a_to_g>
    Found 1-bit 4-to-1 multiplexer for signal <digit<3>> created at line 88.
    Found 1-bit 4-to-1 multiplexer for signal <digit<2>> created at line 88.
    Found 1-bit 4-to-1 multiplexer for signal <digit<1>> created at line 88.
    Found 1-bit 4-to-1 multiplexer for signal <digit<0>> created at line 88.
    Summary:
	inferred   1 RAM(s).
	inferred   1 Adder/Subtractor(s).
	inferred  21 D-type flip-flop(s).
	inferred   4 Multiplexer(s).
Unit <x7seg> synthesized.

=========================================================================
HDL Synthesis Report

Macro Statistics
# RAMs                                                 : 1
 16x7-bit single-port Read Only RAM                    : 1
# Multipliers                                          : 2
 31x4-bit multiplier                                   : 1
 31x7-bit multiplier                                   : 1
# Adders/Subtractors                                   : 65
 19-bit adder                                          : 4
 21-bit adder                                          : 1
 31-bit adder                                          : 2
 31-bit subtractor                                     : 5
 32-bit adder                                          : 1
 4-bit adder                                           : 52
# Registers                                            : 60
 1-bit register                                        : 47
 19-bit register                                       : 4
 21-bit register                                       : 1
 31-bit register                                       : 8
# Latches                                              : 63
 1-bit latch                                           : 63
# Comparators                                          : 59
 3-bit comparator greater                              : 1
 31-bit comparator greater                             : 7
 4-bit comparator greater                              : 51
# Multiplexers                                         : 766
 1-bit 2-to-1 multiplexer                              : 718
 1-bit 4-to-1 multiplexer                              : 4
 1-bit 5-to-1 multiplexer                              : 31
 1-bit 7-to-1 multiplexer                              : 1
 16-bit 2-to-1 multiplexer                             : 1
 31-bit 2-to-1 multiplexer                             : 7
 31-bit 7-to-1 multiplexer                             : 1
 32-bit 2-to-1 multiplexer                             : 3

=========================================================================

=========================================================================
*                       Advanced HDL Synthesis                          *
=========================================================================


Synthesizing (advanced) Unit <counter_sum>.
The following registers are absorbed into counter <count_clock0>: 1 register on signal <count_clock0>.
The following registers are absorbed into counter <count_clock1>: 1 register on signal <count_clock1>.
Unit <counter_sum> synthesized (advanced).

Synthesizing (advanced) Unit <freq_divider>.
The following registers are absorbed into counter <count>: 1 register on signal <count>.
Unit <freq_divider> synthesized (advanced).

Synthesizing (advanced) Unit <x7seg>.
The following registers are absorbed into counter <clkdiv>: 1 register on signal <clkdiv>.
INFO:Xst:3218 - HDL ADVISOR - The RAM <Mram_a_to_g> will be implemented on LUTs either because you have described an asynchronous read or because of currently unsupported block RAM features. If you have described an asynchronous read, making it synchronous would allow you to take advantage of available block RAM resources, for optimized device usage and improved timings. Please refer to your documentation for coding guidelines.
    -----------------------------------------------------------------------
    | ram_type           | Distributed                         |          |
    -----------------------------------------------------------------------
    | Port A                                                              |
    |     aspect ratio   | 16-word x 7-bit                     |          |
    |     weA            | connected to signal <GND>           | high     |
    |     addrA          | connected to signal <digit>         |          |
    |     diA            | connected to signal <GND>           |          |
    |     doA            | connected to signal <a_to_g>        |          |
    -----------------------------------------------------------------------
Unit <x7seg> synthesized (advanced).

=========================================================================
Advanced HDL Synthesis Report

Macro Statistics
# RAMs                                                 : 1
 16x7-bit single-port distributed Read Only RAM        : 1
# Multipliers                                          : 2
 31x4-bit multiplier                                   : 1
 31x7-bit multiplier                                   : 1
# Adders/Subtractors                                   : 58
 3-bit adder                                           : 13
 31-bit adder                                          : 1
 31-bit subtractor                                     : 5
 4-bit adder                                           : 39
# Counters                                             : 7
 19-bit up counter                                     : 4
 21-bit up counter                                     : 1
 31-bit up counter                                     : 2
# Registers                                            : 233
 Flip-Flops                                            : 233
# Comparators                                          : 59
 3-bit comparator greater                              : 1
 31-bit comparator greater                             : 7
 4-bit comparator greater                              : 51
# Multiplexers                                         : 765
 1-bit 2-to-1 multiplexer                              : 718
 1-bit 4-to-1 multiplexer                              : 4
 1-bit 5-to-1 multiplexer                              : 31
 1-bit 7-to-1 multiplexer                              : 1
 16-bit 2-to-1 multiplexer                             : 1
 31-bit 2-to-1 multiplexer                             : 6
 31-bit 7-to-1 multiplexer                             : 1
 32-bit 2-to-1 multiplexer                             : 3

=========================================================================

=========================================================================
*                         Low Level Synthesis                           *
=========================================================================
WARNING:Xst:3002 - This design contains one or more registers/latches that are directly
   incompatible with the Spartan6 architecture. The two primary causes of this is
   either a register or latch described with both an asynchronous set and
   asynchronous reset, or a register or latch described with an asynchronous
   set or reset which however has an initialization value of the opposite 
   polarity (i.e. asynchronous reset with an initialization value of 1).
    While this circuit can be built, it creates a sub-optimal implementation
   in terms of area, power and performance. For a more optimal implementation
   Xilinx highly recommends one of the following:

          1) Remove either the set or reset from all registers and latches
             if not needed for required functionality
          2) Modify the code in order to produce a synchronous set
             and/or reset (both is preferred)
          3) Ensure all registers have the same initialization value as the
             described asynchronous set or reset polarity
          4) Use the -async_to_sync option to transform the asynchronous
             set/reset to synchronous operation
             (timing simulation highly recommended when using this option)

  Please refer to http://www.xilinx.com search string "Spartan6 asynchronous set/reset" for more details.

  List of register instances with asynchronous set and reset:
    U3/remained_money_3 in unit <main_entity>
    U3/remained_money_30 in unit <main_entity>
    U3/remained_money_28 in unit <main_entity>
    U3/remained_money_27 in unit <main_entity>
    U3/remained_money_29 in unit <main_entity>
    U3/remained_money_26 in unit <main_entity>
    U3/remained_money_25 in unit <main_entity>
    U3/remained_money_24 in unit <main_entity>
    U3/remained_money_23 in unit <main_entity>
    U3/remained_money_21 in unit <main_entity>
    U3/remained_money_20 in unit <main_entity>
    U3/remained_money_22 in unit <main_entity>
    U3/remained_money_18 in unit <main_entity>
    U3/remained_money_17 in unit <main_entity>
    U3/remained_money_19 in unit <main_entity>
    U3/remained_money_15 in unit <main_entity>
    U3/remained_money_14 in unit <main_entity>
    U3/remained_money_16 in unit <main_entity>
    U3/remained_money_13 in unit <main_entity>
    U3/remained_money_12 in unit <main_entity>
    U3/remained_money_11 in unit <main_entity>
    U3/remained_money_10 in unit <main_entity>
    U3/remained_money_8 in unit <main_entity>
    U3/remained_money_7 in unit <main_entity>
    U3/remained_money_9 in unit <main_entity>
    U3/remained_money_6 in unit <main_entity>
    U3/remained_money_5 in unit <main_entity>
    U3/remained_money_4 in unit <main_entity>
    U3/remained_money_1 in unit <main_entity>
    U3/remained_money_0 in unit <main_entity>
    U3/remained_money_2 in unit <main_entity>


Optimizing unit <main_entity> ...

Optimizing unit <memory_code_pin> ...
WARNING:Xst:1293 - FF/Latch <index_of_client_6> has a constant value of 0 in block <memory_code_pin>. This FF/Latch will be trimmed during the optimization process.
WARNING:Xst:1293 - FF/Latch <index_of_client_10> has a constant value of 0 in block <memory_code_pin>. This FF/Latch will be trimmed during the optimization process.
WARNING:Xst:1293 - FF/Latch <index_of_client_26> has a constant value of 0 in block <memory_code_pin>. This FF/Latch will be trimmed during the optimization process.
WARNING:Xst:1293 - FF/Latch <index_of_client_9> has a constant value of 0 in block <memory_code_pin>. This FF/Latch will be trimmed during the optimization process.
WARNING:Xst:1293 - FF/Latch <index_of_client_19> has a constant value of 0 in block <memory_code_pin>. This FF/Latch will be trimmed during the optimization process.
WARNING:Xst:1293 - FF/Latch <index_of_client_23> has a constant value of 0 in block <memory_code_pin>. This FF/Latch will be trimmed during the optimization process.
WARNING:Xst:1293 - FF/Latch <index_of_client_17> has a constant value of 0 in block <memory_code_pin>. This FF/Latch will be trimmed during the optimization process.
WARNING:Xst:1293 - FF/Latch <index_of_client_14> has a constant value of 0 in block <memory_code_pin>. This FF/Latch will be trimmed during the optimization process.
WARNING:Xst:1293 - FF/Latch <index_of_client_7> has a constant value of 0 in block <memory_code_pin>. This FF/Latch will be trimmed during the optimization process.
WARNING:Xst:1293 - FF/Latch <index_of_client_12> has a constant value of 0 in block <memory_code_pin>. This FF/Latch will be trimmed during the optimization process.
WARNING:Xst:1293 - FF/Latch <index_of_client_5> has a constant value of 0 in block <memory_code_pin>. This FF/Latch will be trimmed during the optimization process.
WARNING:Xst:1293 - FF/Latch <index_of_client_30> has a constant value of 0 in block <memory_code_pin>. This FF/Latch will be trimmed during the optimization process.
WARNING:Xst:1293 - FF/Latch <index_of_client_25> has a constant value of 0 in block <memory_code_pin>. This FF/Latch will be trimmed during the optimization process.
WARNING:Xst:1293 - FF/Latch <index_of_client_13> has a constant value of 0 in block <memory_code_pin>. This FF/Latch will be trimmed during the optimization process.
WARNING:Xst:1293 - FF/Latch <index_of_client_28> has a constant value of 0 in block <memory_code_pin>. This FF/Latch will be trimmed during the optimization process.
WARNING:Xst:1293 - FF/Latch <index_of_client_21> has a constant value of 0 in block <memory_code_pin>. This FF/Latch will be trimmed during the optimization process.
WARNING:Xst:1293 - FF/Latch <index_of_client_22> has a constant value of 0 in block <memory_code_pin>. This FF/Latch will be trimmed during the optimization process.
WARNING:Xst:1293 - FF/Latch <index_of_client_8> has a constant value of 0 in block <memory_code_pin>. This FF/Latch will be trimmed during the optimization process.
WARNING:Xst:1293 - FF/Latch <index_of_client_4> has a constant value of 0 in block <memory_code_pin>. This FF/Latch will be trimmed during the optimization process.
WARNING:Xst:1293 - FF/Latch <index_of_client_20> has a constant value of 0 in block <memory_code_pin>. This FF/Latch will be trimmed during the optimization process.
WARNING:Xst:1293 - FF/Latch <index_of_client_11> has a constant value of 0 in block <memory_code_pin>. This FF/Latch will be trimmed during the optimization process.
WARNING:Xst:1293 - FF/Latch <index_of_client_16> has a constant value of 0 in block <memory_code_pin>. This FF/Latch will be trimmed during the optimization process.
WARNING:Xst:1293 - FF/Latch <index_of_client_24> has a constant value of 0 in block <memory_code_pin>. This FF/Latch will be trimmed during the optimization process.
WARNING:Xst:1293 - FF/Latch <index_of_client_15> has a constant value of 0 in block <memory_code_pin>. This FF/Latch will be trimmed during the optimization process.
WARNING:Xst:1293 - FF/Latch <index_of_client_29> has a constant value of 0 in block <memory_code_pin>. This FF/Latch will be trimmed during the optimization process.
WARNING:Xst:1293 - FF/Latch <index_of_client_3> has a constant value of 0 in block <memory_code_pin>. This FF/Latch will be trimmed during the optimization process.
WARNING:Xst:1293 - FF/Latch <index_of_client_27> has a constant value of 0 in block <memory_code_pin>. This FF/Latch will be trimmed during the optimization process.
WARNING:Xst:1293 - FF/Latch <index_of_client_18> has a constant value of 0 in block <memory_code_pin>. This FF/Latch will be trimmed during the optimization process.

Optimizing unit <x7seg> ...
INFO:Xst:2261 - The FF/Latch <debounce_actualizare/Divide/CLK0> in Unit <main_entity> is equivalent to the following 3 FFs/Latches, which will be removed : <debounce_clock0/Divide/CLK0> <debounce_clock2/Divide/CLK0> <debounce_clock1/Divide/CLK0> 
INFO:Xst:2261 - The FF/Latch <debounce_clock0/Divide/count_10> in Unit <main_entity> is equivalent to the following 3 FFs/Latches, which will be removed : <debounce_actualizare/Divide/count_10> <debounce_clock1/Divide/count_10> <debounce_clock2/Divide/count_10> 
INFO:Xst:2261 - The FF/Latch <debounce_clock0/Divide/count_11> in Unit <main_entity> is equivalent to the following 3 FFs/Latches, which will be removed : <debounce_actualizare/Divide/count_11> <debounce_clock1/Divide/count_11> <debounce_clock2/Divide/count_11> 
INFO:Xst:2261 - The FF/Latch <debounce_clock0/Divide/count_12> in Unit <main_entity> is equivalent to the following 3 FFs/Latches, which will be removed : <debounce_actualizare/Divide/count_12> <debounce_clock1/Divide/count_12> <debounce_clock2/Divide/count_12> 
INFO:Xst:2261 - The FF/Latch <debounce_clock0/Divide/count_13> in Unit <main_entity> is equivalent to the following 3 FFs/Latches, which will be removed : <debounce_actualizare/Divide/count_13> <debounce_clock1/Divide/count_13> <debounce_clock2/Divide/count_13> 
INFO:Xst:2261 - The FF/Latch <debounce_clock0/Divide/count_0> in Unit <main_entity> is equivalent to the following 4 FFs/Latches, which will be removed : <debounce_actualizare/Divide/count_0> <debounce_clock1/Divide/count_0> <debounce_clock2/Divide/count_0> <U5/clkdiv_0> 
INFO:Xst:2261 - The FF/Latch <debounce_clock0/Divide/count_14> in Unit <main_entity> is equivalent to the following 3 FFs/Latches, which will be removed : <debounce_actualizare/Divide/count_14> <debounce_clock1/Divide/count_14> <debounce_clock2/Divide/count_14> 
INFO:Xst:2261 - The FF/Latch <debounce_clock0/Divide/count_1> in Unit <main_entity> is equivalent to the following 4 FFs/Latches, which will be removed : <debounce_actualizare/Divide/count_1> <debounce_clock1/Divide/count_1> <debounce_clock2/Divide/count_1> <U5/clkdiv_1> 
INFO:Xst:2261 - The FF/Latch <debounce_clock0/Divide/count_15> in Unit <main_entity> is equivalent to the following 3 FFs/Latches, which will be removed : <debounce_actualizare/Divide/count_15> <debounce_clock1/Divide/count_15> <debounce_clock2/Divide/count_15> 
INFO:Xst:2261 - The FF/Latch <debounce_clock0/Divide/count_2> in Unit <main_entity> is equivalent to the following 4 FFs/Latches, which will be removed : <debounce_actualizare/Divide/count_2> <debounce_clock1/Divide/count_2> <debounce_clock2/Divide/count_2> <U5/clkdiv_2> 
INFO:Xst:2261 - The FF/Latch <debounce_clock0/Divide/count_16> in Unit <main_entity> is equivalent to the following 3 FFs/Latches, which will be removed : <debounce_actualizare/Divide/count_16> <debounce_clock1/Divide/count_16> <debounce_clock2/Divide/count_16> 
INFO:Xst:2261 - The FF/Latch <debounce_clock0/Divide/count_3> in Unit <main_entity> is equivalent to the following 4 FFs/Latches, which will be removed : <debounce_actualizare/Divide/count_3> <debounce_clock1/Divide/count_3> <debounce_clock2/Divide/count_3> <U5/clkdiv_3> 
INFO:Xst:2261 - The FF/Latch <debounce_clock0/Divide/count_17> in Unit <main_entity> is equivalent to the following 3 FFs/Latches, which will be removed : <debounce_actualizare/Divide/count_17> <debounce_clock1/Divide/count_17> <debounce_clock2/Divide/count_17> 
INFO:Xst:2261 - The FF/Latch <debounce_clock0/Divide/count_4> in Unit <main_entity> is equivalent to the following 4 FFs/Latches, which will be removed : <debounce_actualizare/Divide/count_4> <debounce_clock1/Divide/count_4> <debounce_clock2/Divide/count_4> <U5/clkdiv_4> 
INFO:Xst:2261 - The FF/Latch <debounce_clock0/Divide/count_18> in Unit <main_entity> is equivalent to the following 3 FFs/Latches, which will be removed : <debounce_actualizare/Divide/count_18> <debounce_clock1/Divide/count_18> <debounce_clock2/Divide/count_18> 
INFO:Xst:2261 - The FF/Latch <debounce_clock0/Divide/count_5> in Unit <main_entity> is equivalent to the following 3 FFs/Latches, which will be removed : <debounce_actualizare/Divide/count_5> <debounce_clock1/Divide/count_5> <debounce_clock2/Divide/count_5> 
INFO:Xst:2261 - The FF/Latch <debounce_clock0/Divide/count_6> in Unit <main_entity> is equivalent to the following 3 FFs/Latches, which will be removed : <debounce_actualizare/Divide/count_6> <debounce_clock1/Divide/count_6> <debounce_clock2/Divide/count_6> 
INFO:Xst:2261 - The FF/Latch <debounce_clock0/Divide/count_7> in Unit <main_entity> is equivalent to the following 3 FFs/Latches, which will be removed : <debounce_actualizare/Divide/count_7> <debounce_clock1/Divide/count_7> <debounce_clock2/Divide/count_7> 
INFO:Xst:2261 - The FF/Latch <debounce_clock0/Divide/count_8> in Unit <main_entity> is equivalent to the following 3 FFs/Latches, which will be removed : <debounce_actualizare/Divide/count_8> <debounce_clock1/Divide/count_8> <debounce_clock2/Divide/count_8> 
INFO:Xst:2261 - The FF/Latch <debounce_clock0/Divide/count_9> in Unit <main_entity> is equivalent to the following 3 FFs/Latches, which will be removed : <debounce_actualizare/Divide/count_9> <debounce_clock1/Divide/count_9> <debounce_clock2/Divide/count_9> 

Mapping all equations...
Building and optimizing final netlist ...
Found area constraint ratio of 100 (+ 5) on block main_entity, actual ratio is 14.
FlipFlop U2/money_30 has been replicated 1 time(s) to handle iob=true attribute.
FlipFlop U2/money_29 has been replicated 1 time(s) to handle iob=true attribute.
FlipFlop U2/money_28 has been replicated 1 time(s) to handle iob=true attribute.
FlipFlop U2/money_27 has been replicated 1 time(s) to handle iob=true attribute.
FlipFlop U2/money_26 has been replicated 1 time(s) to handle iob=true attribute.
FlipFlop U2/money_25 has been replicated 1 time(s) to handle iob=true attribute.
FlipFlop U2/money_24 has been replicated 1 time(s) to handle iob=true attribute.
FlipFlop U2/money_23 has been replicated 1 time(s) to handle iob=true attribute.
FlipFlop U2/money_22 has been replicated 1 time(s) to handle iob=true attribute.
FlipFlop U2/money_21 has been replicated 1 time(s) to handle iob=true attribute.
FlipFlop U2/money_20 has been replicated 1 time(s) to handle iob=true attribute.
FlipFlop U2/money_19 has been replicated 1 time(s) to handle iob=true attribute.
FlipFlop U2/money_18 has been replicated 1 time(s) to handle iob=true attribute.
FlipFlop U2/money_17 has been replicated 1 time(s) to handle iob=true attribute.
FlipFlop U2/money_16 has been replicated 1 time(s) to handle iob=true attribute.
FlipFlop U2/money_15 has been replicated 1 time(s) to handle iob=true attribute.
FlipFlop U2/money_14 has been replicated 1 time(s) to handle iob=true attribute.
FlipFlop U2/money_13 has been replicated 1 time(s) to handle iob=true attribute.
FlipFlop U2/money_12 has been replicated 1 time(s) to handle iob=true attribute.
FlipFlop U2/money_11 has been replicated 1 time(s) to handle iob=true attribute.
FlipFlop U2/money_10 has been replicated 1 time(s) to handle iob=true attribute.
FlipFlop U2/money_9 has been replicated 1 time(s) to handle iob=true attribute.
FlipFlop U2/money_8 has been replicated 1 time(s) to handle iob=true attribute.
FlipFlop U2/money_7 has been replicated 1 time(s) to handle iob=true attribute.
FlipFlop U2/money_6 has been replicated 1 time(s) to handle iob=true attribute.
FlipFlop U2/money_5 has been replicated 1 time(s) to handle iob=true attribute.
FlipFlop U2/money_4 has been replicated 1 time(s) to handle iob=true attribute.
FlipFlop U2/money_3 has been replicated 1 time(s) to handle iob=true attribute.
FlipFlop U2/money_2 has been replicated 1 time(s) to handle iob=true attribute.
FlipFlop U2/money_1 has been replicated 1 time(s) to handle iob=true attribute.
FlipFlop U2/money_0 has been replicated 1 time(s) to handle iob=true attribute.

Final Macro Processing ...

=========================================================================
Final Register Report

Macro Statistics
# Registers                                            : 389
 Flip-Flops                                            : 389

=========================================================================

=========================================================================
*                           Partition Report                            *
=========================================================================

Partition Implementation Status
-------------------------------

  No Partitions were found in this design.

-------------------------------

=========================================================================
*                            Design Summary                             *
=========================================================================

Top Level Output File Name         : main_entity.ngc

Primitive and Black Box Usage:
------------------------------
# BELS                             : 1778
#      GND                         : 1
#      INV                         : 6
#      LUT1                        : 69
#      LUT2                        : 248
#      LUT3                        : 49
#      LUT4                        : 169
#      LUT5                        : 345
#      LUT6                        : 122
#      MUXCY                       : 394
#      MUXF7                       : 64
#      VCC                         : 1
#      XORCY                       : 310
# FlipFlops/Latches                : 455
#      FD                          : 29
#      FDC                         : 31
#      FDCE                        : 62
#      FDE                         : 217
#      FDP                         : 31
#      FDR                         : 19
#      LD                          : 4
#      LDC                         : 31
#      LDE                         : 31
# Clock Buffers                    : 6
#      BUFG                        : 5
#      BUFGP                       : 1
# IO Buffers                       : 122
#      IBUF                        : 13
#      OBUF                        : 109
# DSPs                             : 2
#      DSP48A1                     : 2

Device utilization summary:
---------------------------

Selected Device : 6slx16csg324-3 


Slice Logic Utilization: 
 Number of Slice Registers:             424  out of  18224     2%  
 Number of Slice LUTs:                 1008  out of   9112    11%  
    Number used as Logic:              1008  out of   9112    11%  

Slice Logic Distribution: 
 Number of LUT Flip Flop pairs used:   1160
   Number with an unused Flip Flop:     736  out of   1160    63%  
   Number with an unused LUT:           152  out of   1160    13%  
   Number of fully used LUT-FF pairs:   272  out of   1160    23%  
   Number of unique control sets:       106

IO Utilization: 
 Number of IOs:                         123
 Number of bonded IOBs:                 123  out of    232    53%  
    IOB Flip Flops/Latches:              31

Specific Feature Utilization:
 Number of BUFG/BUFGCTRL/BUFHCEs:         6  out of     16    37%  
 Number of DSP48A1s:                      2  out of     32     6%  

---------------------------
Partition Resource Summary:
---------------------------

  No Partitions were found in this design.

---------------------------


=========================================================================
Timing Report

NOTE: THESE TIMING NUMBERS ARE ONLY A SYNTHESIS ESTIMATE.
      FOR ACCURATE TIMING INFORMATION PLEASE REFER TO THE TRACE REPORT
      GENERATED AFTER PLACE-and-ROUTE.

Clock Information:
------------------
---------------------------------------------------------------+----------------------------------+-------+
Clock Signal                                                   | Clock buffer(FF name)            | Load  |
---------------------------------------------------------------+----------------------------------+-------+
U3/okpin_clock_end_AND_1991_o(U3/okpin_clock_end_AND_1991_o1:O)| BUFG(*)(U3/inter_30)             | 31    |
sign_actualization(debounce_actualizare/CLK_Debounced1:O)      | BUFG(*)(U3/sum_4_0)              | 217   |
sign_clock_end(debounce_clock2/CLK_Debounced1:O)               | BUFG(*)(U2/money_0)              | 62    |
CLK                                                            | BUFGP                            | 40    |
sign_clock_hundreds(debounce_clock1/CLK_Debounced1:O)          | BUFG(*)(U2/count_clock1_0)       | 31    |
sign_clock_zecimals(debounce_clock0/CLK_Debounced1:O)          | BUFG(*)(U2/count_clock0_0)       | 31    |
okpin_OBUF(U1/ok_pin3:O)                                       | NONE(*)(U1/index_of_client_2)    | 4     |
U3/options_pin[2]_AND_2080_o(U3/options_pin[2]_AND_2080_o1:O)  | NONE(*)(U3/remained_money_2_LDC) | 1     |
U3/options_pin[2]_AND_2084_o(U3/options_pin[2]_AND_2084_o1:O)  | NONE(*)(U3/remained_money_0_LDC) | 1     |
U3/options_pin[2]_AND_2082_o(U3/options_pin[2]_AND_2082_o1:O)  | NONE(*)(U3/remained_money_1_LDC) | 1     |
U3/options_pin[2]_AND_2076_o(U3/options_pin[2]_AND_2076_o1:O)  | NONE(*)(U3/remained_money_4_LDC) | 1     |
U3/options_pin[2]_AND_2074_o(U3/options_pin[2]_AND_2074_o1:O)  | NONE(*)(U3/remained_money_5_LDC) | 1     |
U3/options_pin[2]_AND_2072_o(U3/options_pin[2]_AND_2072_o1:O)  | NONE(*)(U3/remained_money_6_LDC) | 1     |
U3/options_pin[2]_AND_2066_o(U3/options_pin[2]_AND_2066_o1:O)  | NONE(*)(U3/remained_money_9_LDC) | 1     |
U3/options_pin[2]_AND_2070_o(U3/options_pin[2]_AND_2070_o1:O)  | NONE(*)(U3/remained_money_7_LDC) | 1     |
U3/options_pin[2]_AND_2068_o(U3/options_pin[2]_AND_2068_o1:O)  | NONE(*)(U3/remained_money_8_LDC) | 1     |
U3/options_pin[2]_AND_2064_o(U3/options_pin[2]_AND_2064_o1:O)  | NONE(*)(U3/remained_money_10_LDC)| 1     |
U3/options_pin[2]_AND_2062_o(U3/options_pin[2]_AND_2062_o1:O)  | NONE(*)(U3/remained_money_11_LDC)| 1     |
U3/options_pin[2]_AND_2060_o(U3/options_pin[2]_AND_2060_o1:O)  | NONE(*)(U3/remained_money_12_LDC)| 1     |
U3/options_pin[2]_AND_2058_o(U3/options_pin[2]_AND_2058_o1:O)  | NONE(*)(U3/remained_money_13_LDC)| 1     |
U3/options_pin[2]_AND_2052_o(U3/options_pin[2]_AND_2052_o1:O)  | NONE(*)(U3/remained_money_16_LDC)| 1     |
U3/options_pin[2]_AND_2056_o(U3/options_pin[2]_AND_2056_o1:O)  | NONE(*)(U3/remained_money_14_LDC)| 1     |
U3/options_pin[2]_AND_2054_o(U3/options_pin[2]_AND_2054_o1:O)  | NONE(*)(U3/remained_money_15_LDC)| 1     |
U3/options_pin[2]_AND_2046_o(U3/options_pin[2]_AND_2046_o1:O)  | NONE(*)(U3/remained_money_19_LDC)| 1     |
U3/options_pin[2]_AND_2050_o(U3/options_pin[2]_AND_2050_o1:O)  | NONE(*)(U3/remained_money_17_LDC)| 1     |
U3/options_pin[2]_AND_2048_o(U3/options_pin[2]_AND_2048_o1:O)  | NONE(*)(U3/remained_money_18_LDC)| 1     |
U3/options_pin[2]_AND_2040_o(U3/options_pin[2]_AND_2040_o1:O)  | NONE(*)(U3/remained_money_22_LDC)| 1     |
U3/options_pin[2]_AND_2044_o(U3/options_pin[2]_AND_2044_o1:O)  | NONE(*)(U3/remained_money_20_LDC)| 1     |
U3/options_pin[2]_AND_2042_o(U3/options_pin[2]_AND_2042_o1:O)  | NONE(*)(U3/remained_money_21_LDC)| 1     |
U3/options_pin[2]_AND_2038_o(U3/options_pin[2]_AND_2038_o1:O)  | NONE(*)(U3/remained_money_23_LDC)| 1     |
U3/options_pin[2]_AND_2036_o(U3/options_pin[2]_AND_2036_o1:O)  | NONE(*)(U3/remained_money_24_LDC)| 1     |
U3/options_pin[2]_AND_2034_o(U3/options_pin[2]_AND_2034_o1:O)  | NONE(*)(U3/remained_money_25_LDC)| 1     |
U3/options_pin[2]_AND_2032_o(U3/options_pin[2]_AND_2032_o1:O)  | NONE(*)(U3/remained_money_26_LDC)| 1     |
U3/options_pin[2]_AND_2026_o(U3/options_pin[2]_AND_2026_o1:O)  | NONE(*)(U3/remained_money_29_LDC)| 1     |
U3/options_pin[2]_AND_2030_o(U3/options_pin[2]_AND_2030_o1:O)  | NONE(*)(U3/remained_money_27_LDC)| 1     |
U3/options_pin[2]_AND_2028_o(U3/options_pin[2]_AND_2028_o1:O)  | NONE(*)(U3/remained_money_28_LDC)| 1     |
U3/options_pin[2]_AND_2024_o(U3/options_pin[2]_AND_2024_o1:O)  | NONE(*)(U3/remained_money_30_LDC)| 1     |
U3/options_pin[2]_AND_2078_o(U3/options_pin[2]_AND_2078_o1:O)  | NONE(*)(U3/remained_money_3_LDC) | 1     |
debounce_actualizare/Divide/CLK0                               | NONE(debounce_actualizare/D1/Q)  | 8     |
---------------------------------------------------------------+----------------------------------+-------+
(*) These 37 clock signal(s) are generated by combinatorial logic,
and XST is not able to identify which are the primary clock signals.
Please use the CLOCK_SIGNAL constraint to specify the clock signal(s) generated by combinatorial logic.
INFO:Xst:2169 - HDL ADVISOR - Some clock signals were not automatically buffered by XST with BUFG/BUFR resources. Please use the buffer_type constraint in order to insert these buffers to the clock signals to help prevent skew problems.

Asynchronous Control Signals Information:
----------------------------------------
No asynchronous control signals found in this design

Timing Summary:
---------------
Speed Grade: -3

   Minimum period: 4.606ns (Maximum Frequency: 217.099MHz)
   Minimum input arrival time before clock: 9.844ns
   Maximum output required time after clock: 23.173ns
   Maximum combinational path delay: 11.834ns

Timing Details:
---------------
All values displayed in nanoseconds (ns)

=========================================================================
Timing constraint: Default period analysis for Clock 'CLK'
  Clock period: 4.146ns (frequency: 241.176MHz)
  Total number of paths / destination ports: 786 / 55
-------------------------------------------------------------------------
Delay:               4.146ns (Levels of Logic = 2)
  Source:            debounce_clock0/Divide/count_15 (FF)
  Destination:       debounce_clock0/Divide/count_0 (FF)
  Source Clock:      CLK rising
  Destination Clock: CLK rising

  Data Path: debounce_clock0/Divide/count_15 to debounce_clock0/Divide/count_0
                                Gate     Net
    Cell:in->out      fanout   Delay   Delay  Logical Name (Net Name)
    ----------------------------------------  ------------
     FDR:C->Q              2   0.447   0.961  debounce_clock0/Divide/count_15 (debounce_clock0/Divide/count_15)
     LUT5:I0->O            1   0.203   0.808  debounce_actualizare/Divide/PWR_7_o_count[18]_equal_1_o<18>1 (debounce_actualizare/Divide/PWR_7_o_count[18]_equal_1_o<18>)
     LUT5:I2->O           20   0.205   1.092  debounce_actualizare/Divide/PWR_7_o_count[18]_equal_1_o<18>4 (debounce_actualizare/Divide/PWR_7_o_count[18]_equal_1_o)
     FDR:R                     0.430          debounce_clock0/Divide/count_0
    ----------------------------------------
    Total                      4.146ns (1.285ns logic, 2.861ns route)
                                       (31.0% logic, 69.0% route)

=========================================================================
Timing constraint: Default period analysis for Clock 'sign_clock_hundreds'
  Clock period: 2.274ns (frequency: 439.705MHz)
  Total number of paths / destination ports: 496 / 31
-------------------------------------------------------------------------
Delay:               2.274ns (Levels of Logic = 32)
  Source:            U2/count_clock1_0 (FF)
  Destination:       U2/count_clock1_30 (FF)
  Source Clock:      sign_clock_hundreds rising
  Destination Clock: sign_clock_hundreds rising

  Data Path: U2/count_clock1_0 to U2/count_clock1_30
                                Gate     Net
    Cell:in->out      fanout   Delay   Delay  Logical Name (Net Name)
    ----------------------------------------  ------------
     FDCE:C->Q             2   0.447   0.616  U2/count_clock1_0 (U2/count_clock1_0)
     INV:I->O              1   0.206   0.000  U2/Mcount_count_clock1_lut<0>_INV_0 (U2/Mcount_count_clock1_lut<0>)
     MUXCY:S->O            1   0.172   0.000  U2/Mcount_count_clock1_cy<0> (U2/Mcount_count_clock1_cy<0>)
     MUXCY:CI->O           1   0.019   0.000  U2/Mcount_count_clock1_cy<1> (U2/Mcount_count_clock1_cy<1>)
     MUXCY:CI->O           1   0.019   0.000  U2/Mcount_count_clock1_cy<2> (U2/Mcount_count_clock1_cy<2>)
     MUXCY:CI->O           1   0.019   0.000  U2/Mcount_count_clock1_cy<3> (U2/Mcount_count_clock1_cy<3>)
     MUXCY:CI->O           1   0.019   0.000  U2/Mcount_count_clock1_cy<4> (U2/Mcount_count_clock1_cy<4>)
     MUXCY:CI->O           1   0.019   0.000  U2/Mcount_count_clock1_cy<5> (U2/Mcount_count_clock1_cy<5>)
     MUXCY:CI->O           1   0.019   0.000  U2/Mcount_count_clock1_cy<6> (U2/Mcount_count_clock1_cy<6>)
     MUXCY:CI->O           1   0.019   0.000  U2/Mcount_count_clock1_cy<7> (U2/Mcount_count_clock1_cy<7>)
     MUXCY:CI->O           1   0.019   0.000  U2/Mcount_count_clock1_cy<8> (U2/Mcount_count_clock1_cy<8>)
     MUXCY:CI->O           1   0.019   0.000  U2/Mcount_count_clock1_cy<9> (U2/Mcount_count_clock1_cy<9>)
     MUXCY:CI->O           1   0.019   0.000  U2/Mcount_count_clock1_cy<10> (U2/Mcount_count_clock1_cy<10>)
     MUXCY:CI->O           1   0.019   0.000  U2/Mcount_count_clock1_cy<11> (U2/Mcount_count_clock1_cy<11>)
     MUXCY:CI->O           1   0.019   0.000  U2/Mcount_count_clock1_cy<12> (U2/Mcount_count_clock1_cy<12>)
     MUXCY:CI->O           1   0.019   0.000  U2/Mcount_count_clock1_cy<13> (U2/Mcount_count_clock1_cy<13>)
     MUXCY:CI->O           1   0.019   0.000  U2/Mcount_count_clock1_cy<14> (U2/Mcount_count_clock1_cy<14>)
     MUXCY:CI->O           1   0.019   0.000  U2/Mcount_count_clock1_cy<15> (U2/Mcount_count_clock1_cy<15>)
     MUXCY:CI->O           1   0.019   0.000  U2/Mcount_count_clock1_cy<16> (U2/Mcount_count_clock1_cy<16>)
     MUXCY:CI->O           1   0.019   0.000  U2/Mcount_count_clock1_cy<17> (U2/Mcount_count_clock1_cy<17>)
     MUXCY:CI->O           1   0.019   0.000  U2/Mcount_count_clock1_cy<18> (U2/Mcount_count_clock1_cy<18>)
     MUXCY:CI->O           1   0.019   0.000  U2/Mcount_count_clock1_cy<19> (U2/Mcount_count_clock1_cy<19>)
     MUXCY:CI->O           1   0.019   0.000  U2/Mcount_count_clock1_cy<20> (U2/Mcount_count_clock1_cy<20>)
     MUXCY:CI->O           1   0.019   0.000  U2/Mcount_count_clock1_cy<21> (U2/Mcount_count_clock1_cy<21>)
     MUXCY:CI->O           1   0.019   0.000  U2/Mcount_count_clock1_cy<22> (U2/Mcount_count_clock1_cy<22>)
     MUXCY:CI->O           1   0.019   0.000  U2/Mcount_count_clock1_cy<23> (U2/Mcount_count_clock1_cy<23>)
     MUXCY:CI->O           1   0.019   0.000  U2/Mcount_count_clock1_cy<24> (U2/Mcount_count_clock1_cy<24>)
     MUXCY:CI->O           1   0.019   0.000  U2/Mcount_count_clock1_cy<25> (U2/Mcount_count_clock1_cy<25>)
     MUXCY:CI->O           1   0.019   0.000  U2/Mcount_count_clock1_cy<26> (U2/Mcount_count_clock1_cy<26>)
     MUXCY:CI->O           1   0.019   0.000  U2/Mcount_count_clock1_cy<27> (U2/Mcount_count_clock1_cy<27>)
     MUXCY:CI->O           1   0.019   0.000  U2/Mcount_count_clock1_cy<28> (U2/Mcount_count_clock1_cy<28>)
     MUXCY:CI->O           0   0.019   0.000  U2/Mcount_count_clock1_cy<29> (U2/Mcount_count_clock1_cy<29>)
     XORCY:CI->O           1   0.180   0.000  U2/Mcount_count_clock1_xor<30> (Result<30>)
     FDCE:D                    0.102          U2/count_clock1_30
    ----------------------------------------
    Total                      2.274ns (1.658ns logic, 0.616ns route)
                                       (72.9% logic, 27.1% route)

=========================================================================
Timing constraint: Default period analysis for Clock 'sign_clock_zecimals'
  Clock period: 4.508ns (frequency: 221.831MHz)
  Total number of paths / destination ports: 20150 / 62
-------------------------------------------------------------------------
Delay:               4.508ns (Levels of Logic = 39)
  Source:            U2/count_clock0_5 (FF)
  Destination:       U2/count_clock0_30 (FF)
  Source Clock:      sign_clock_zecimals rising
  Destination Clock: sign_clock_zecimals rising

  Data Path: U2/count_clock0_5 to U2/count_clock0_30
                                Gate     Net
    Cell:in->out      fanout   Delay   Delay  Logical Name (Net Name)
    ----------------------------------------  ------------
     FDCE:C->Q             6   0.447   1.089  U2/count_clock0_5 (U2/count_clock0_5)
     LUT5:I0->O            1   0.203   0.000  U2/Mcompar_GND_46_o_count_clock0[30]_LessThan_2_o_lut<1> (U2/Mcompar_GND_46_o_count_clock0[30]_LessThan_2_o_lut<1>)
     MUXCY:S->O            1   0.172   0.000  U2/Mcompar_GND_46_o_count_clock0[30]_LessThan_2_o_cy<1> (U2/Mcompar_GND_46_o_count_clock0[30]_LessThan_2_o_cy<1>)
     MUXCY:CI->O           1   0.019   0.000  U2/Mcompar_GND_46_o_count_clock0[30]_LessThan_2_o_cy<2> (U2/Mcompar_GND_46_o_count_clock0[30]_LessThan_2_o_cy<2>)
     MUXCY:CI->O           1   0.019   0.000  U2/Mcompar_GND_46_o_count_clock0[30]_LessThan_2_o_cy<3> (U2/Mcompar_GND_46_o_count_clock0[30]_LessThan_2_o_cy<3>)
     MUXCY:CI->O           1   0.019   0.000  U2/Mcompar_GND_46_o_count_clock0[30]_LessThan_2_o_cy<4> (U2/Mcompar_GND_46_o_count_clock0[30]_LessThan_2_o_cy<4>)
     MUXCY:CI->O           1   0.019   0.000  U2/Mcompar_GND_46_o_count_clock0[30]_LessThan_2_o_cy<5> (U2/Mcompar_GND_46_o_count_clock0[30]_LessThan_2_o_cy<5>)
     MUXCY:CI->O          32   0.019   1.292  U2/Mcompar_GND_46_o_count_clock0[30]_LessThan_2_o_cy<6> (U2/GND_46_o_count_clock0[30]_LessThan_2_o_inv)
     LUT2:I1->O            1   0.205   0.000  U2/Mcount_count_clock0_lut<0> (U2/Mcount_count_clock0_lut<0>)
     MUXCY:S->O            1   0.172   0.000  U2/Mcount_count_clock0_cy<0> (U2/Mcount_count_clock0_cy<0>)
     MUXCY:CI->O           1   0.019   0.000  U2/Mcount_count_clock0_cy<1> (U2/Mcount_count_clock0_cy<1>)
     MUXCY:CI->O           1   0.019   0.000  U2/Mcount_count_clock0_cy<2> (U2/Mcount_count_clock0_cy<2>)
     MUXCY:CI->O           1   0.019   0.000  U2/Mcount_count_clock0_cy<3> (U2/Mcount_count_clock0_cy<3>)
     MUXCY:CI->O           1   0.019   0.000  U2/Mcount_count_clock0_cy<4> (U2/Mcount_count_clock0_cy<4>)
     MUXCY:CI->O           1   0.019   0.000  U2/Mcount_count_clock0_cy<5> (U2/Mcount_count_clock0_cy<5>)
     MUXCY:CI->O           1   0.019   0.000  U2/Mcount_count_clock0_cy<6> (U2/Mcount_count_clock0_cy<6>)
     MUXCY:CI->O           1   0.019   0.000  U2/Mcount_count_clock0_cy<7> (U2/Mcount_count_clock0_cy<7>)
     MUXCY:CI->O           1   0.019   0.000  U2/Mcount_count_clock0_cy<8> (U2/Mcount_count_clock0_cy<8>)
     MUXCY:CI->O           1   0.019   0.000  U2/Mcount_count_clock0_cy<9> (U2/Mcount_count_clock0_cy<9>)
     MUXCY:CI->O           1   0.019   0.000  U2/Mcount_count_clock0_cy<10> (U2/Mcount_count_clock0_cy<10>)
     MUXCY:CI->O           1   0.019   0.000  U2/Mcount_count_clock0_cy<11> (U2/Mcount_count_clock0_cy<11>)
     MUXCY:CI->O           1   0.019   0.000  U2/Mcount_count_clock0_cy<12> (U2/Mcount_count_clock0_cy<12>)
     MUXCY:CI->O           1   0.019   0.000  U2/Mcount_count_clock0_cy<13> (U2/Mcount_count_clock0_cy<13>)
     MUXCY:CI->O           1   0.019   0.000  U2/Mcount_count_clock0_cy<14> (U2/Mcount_count_clock0_cy<14>)
     MUXCY:CI->O           1   0.019   0.000  U2/Mcount_count_clock0_cy<15> (U2/Mcount_count_clock0_cy<15>)
     MUXCY:CI->O           1   0.019   0.000  U2/Mcount_count_clock0_cy<16> (U2/Mcount_count_clock0_cy<16>)
     MUXCY:CI->O           1   0.019   0.000  U2/Mcount_count_clock0_cy<17> (U2/Mcount_count_clock0_cy<17>)
     MUXCY:CI->O           1   0.019   0.000  U2/Mcount_count_clock0_cy<18> (U2/Mcount_count_clock0_cy<18>)
     MUXCY:CI->O           1   0.019   0.000  U2/Mcount_count_clock0_cy<19> (U2/Mcount_count_clock0_cy<19>)
     MUXCY:CI->O           1   0.019   0.000  U2/Mcount_count_clock0_cy<20> (U2/Mcount_count_clock0_cy<20>)
     MUXCY:CI->O           1   0.019   0.000  U2/Mcount_count_clock0_cy<21> (U2/Mcount_count_clock0_cy<21>)
     MUXCY:CI->O           1   0.019   0.000  U2/Mcount_count_clock0_cy<22> (U2/Mcount_count_clock0_cy<22>)
     MUXCY:CI->O           1   0.019   0.000  U2/Mcount_count_clock0_cy<23> (U2/Mcount_count_clock0_cy<23>)
     MUXCY:CI->O           1   0.019   0.000  U2/Mcount_count_clock0_cy<24> (U2/Mcount_count_clock0_cy<24>)
     MUXCY:CI->O           1   0.019   0.000  U2/Mcount_count_clock0_cy<25> (U2/Mcount_count_clock0_cy<25>)
     MUXCY:CI->O           1   0.019   0.000  U2/Mcount_count_clock0_cy<26> (U2/Mcount_count_clock0_cy<26>)
     MUXCY:CI->O           1   0.019   0.000  U2/Mcount_count_clock0_cy<27> (U2/Mcount_count_clock0_cy<27>)
     MUXCY:CI->O           1   0.019   0.000  U2/Mcount_count_clock0_cy<28> (U2/Mcount_count_clock0_cy<28>)
     MUXCY:CI->O           0   0.019   0.000  U2/Mcount_count_clock0_cy<29> (U2/Mcount_count_clock0_cy<29>)
     XORCY:CI->O           1   0.180   0.000  U2/Mcount_count_clock0_xor<30> (U2/Mcount_count_clock030)
     FDCE:D                    0.102          U2/count_clock0_30
    ----------------------------------------
    Total                      4.508ns (2.127ns logic, 2.381ns route)
                                       (47.2% logic, 52.8% route)

=========================================================================
Timing constraint: Default period analysis for Clock 'okpin_OBUF'
  Clock period: 1.893ns (frequency: 528.192MHz)
  Total number of paths / destination ports: 6 / 4
-------------------------------------------------------------------------
Delay:               1.893ns (Levels of Logic = 2)
  Source:            U1/index_of_client_31 (LATCH)
  Destination:       U1/index_of_client_31 (LATCH)
  Source Clock:      okpin_OBUF falling
  Destination Clock: okpin_OBUF falling

  Data Path: U1/index_of_client_31 to U1/index_of_client_31
                                Gate     Net
    Cell:in->out      fanout   Delay   Delay  Logical Name (Net Name)
    ----------------------------------------  ------------
     LD:G->Q               3   0.498   1.015  U1/index_of_client_31 (U1/index_of_client_31)
     LUT6:I0->O            1   0.203   0.000  U1/Mmux_index_of_client[31]_index_of_client[31]_MUX_104_o2603_G (N134)
     MUXF7:I1->O           1   0.140   0.000  U1/Mmux_index_of_client[31]_index_of_client[31]_MUX_104_o2603 (U1/index_of_client[31]_index_of_client[31]_MUX_76_o)
     LD:D                      0.037          U1/index_of_client_31
    ----------------------------------------
    Total                      1.893ns (0.878ns logic, 1.015ns route)
                                       (46.4% logic, 53.6% route)

=========================================================================
Timing constraint: Default period analysis for Clock 'U3/options_pin[2]_AND_2080_o'
  Clock period: 4.353ns (frequency: 229.742MHz)
  Total number of paths / destination ports: 2 / 1
-------------------------------------------------------------------------
Delay:               4.353ns (Levels of Logic = 3)
  Source:            U3/remained_money_2_LDC (LATCH)
  Destination:       U3/remained_money_2_LDC (LATCH)
  Source Clock:      U3/options_pin[2]_AND_2080_o falling
  Destination Clock: U3/options_pin[2]_AND_2080_o falling

  Data Path: U3/remained_money_2_LDC to U3/remained_money_2_LDC
                                Gate     Net
    Cell:in->out      fanout   Delay   Delay  Logical Name (Net Name)
    ----------------------------------------  ------------
     LDC:G->Q              2   0.498   0.617  U3/remained_money_2_LDC (U3/remained_money_2_LDC)
     LUT3:I2->O           10   0.205   0.857  U3/remained_money_210 (U3/remained_money_2)
     LUT5:I4->O            2   0.205   0.721  U3/Mmux_pin[2]_sum[4][30]_wide_mux_92_OUT232 (U3/Mmux_pin[2]_sum[4][30]_wide_mux_92_OUT231)
     LUT5:I3->O            2   0.203   0.616  U3/options_pin[2]_AND_2081_o1 (U3/options_pin[2]_AND_2081_o)
     LDC:CLR                   0.430          U3/remained_money_2_LDC
    ----------------------------------------
    Total                      4.353ns (1.541ns logic, 2.812ns route)
                                       (35.4% logic, 64.6% route)

=========================================================================
Timing constraint: Default period analysis for Clock 'sign_actualization'
  Clock period: 4.606ns (frequency: 217.099MHz)
  Total number of paths / destination ports: 682 / 124
-------------------------------------------------------------------------
Delay:               4.606ns (Levels of Logic = 3)
  Source:            U3/remained_money_11_P_11 (FF)
  Destination:       U3/remained_money_11_C_11 (FF)
  Source Clock:      sign_actualization rising
  Destination Clock: sign_actualization rising

  Data Path: U3/remained_money_11_P_11 to U3/remained_money_11_C_11
                                Gate     Net
    Cell:in->out      fanout   Delay   Delay  Logical Name (Net Name)
    ----------------------------------------  ------------
     FDP:C->Q              2   0.447   0.845  U3/remained_money_11_P_11 (U3/remained_money_11_P_11)
     LUT3:I0->O           13   0.205   0.933  U3/remained_money_111 (U3/remained_money_11)
     LUT5:I4->O            2   0.205   0.721  U3/Mmux_pin[2]_sum[4][30]_wide_mux_92_OUT32 (U3/Mmux_pin[2]_sum[4][30]_wide_mux_92_OUT32)
     LUT5:I3->O            2   0.203   0.616  U3/options_pin[2]_AND_2062_o1 (U3/options_pin[2]_AND_2062_o)
     FDP:PRE                   0.430          U3/remained_money_11_P_11
    ----------------------------------------
    Total                      4.606ns (1.490ns logic, 3.116ns route)
                                       (32.3% logic, 67.7% route)

=========================================================================
Timing constraint: Default period analysis for Clock 'U3/options_pin[2]_AND_2084_o'
  Clock period: 4.179ns (frequency: 239.275MHz)
  Total number of paths / destination ports: 2 / 1
-------------------------------------------------------------------------
Delay:               4.179ns (Levels of Logic = 3)
  Source:            U3/remained_money_0_LDC (LATCH)
  Destination:       U3/remained_money_0_LDC (LATCH)
  Source Clock:      U3/options_pin[2]_AND_2084_o falling
  Destination Clock: U3/options_pin[2]_AND_2084_o falling

  Data Path: U3/remained_money_0_LDC to U3/remained_money_0_LDC
                                Gate     Net
    Cell:in->out      fanout   Delay   Delay  Logical Name (Net Name)
    ----------------------------------------  ------------
     LDC:G->Q              2   0.498   0.617  U3/remained_money_0_LDC (U3/remained_money_0_LDC)
     LUT3:I2->O            4   0.205   0.684  U3/remained_money_01 (U3/remained_money_0)
     LUT5:I4->O            2   0.205   0.721  U3/Mmux_pin[2]_sum[4][30]_wide_mux_92_OUT111 (U3/Mmux_pin[2]_sum[4][30]_wide_mux_92_OUT11)
     LUT5:I3->O            2   0.203   0.616  U3/options_pin[2]_AND_2085_o1 (U3/options_pin[2]_AND_2085_o)
     LDC:CLR                   0.430          U3/remained_money_0_LDC
    ----------------------------------------
    Total                      4.179ns (1.541ns logic, 2.638ns route)
                                       (36.9% logic, 63.1% route)

=========================================================================
Timing constraint: Default period analysis for Clock 'U3/options_pin[2]_AND_2082_o'
  Clock period: 4.269ns (frequency: 234.225MHz)
  Total number of paths / destination ports: 2 / 1
-------------------------------------------------------------------------
Delay:               4.269ns (Levels of Logic = 3)
  Source:            U3/remained_money_1_LDC (LATCH)
  Destination:       U3/remained_money_1_LDC (LATCH)
  Source Clock:      U3/options_pin[2]_AND_2082_o falling
  Destination Clock: U3/options_pin[2]_AND_2082_o falling

  Data Path: U3/remained_money_1_LDC to U3/remained_money_1_LDC
                                Gate     Net
    Cell:in->out      fanout   Delay   Delay  Logical Name (Net Name)
    ----------------------------------------  ------------
     LDC:G->Q              2   0.498   0.617  U3/remained_money_1_LDC (U3/remained_money_1_LDC)
     LUT3:I2->O            7   0.205   0.774  U3/remained_money_110 (U3/remained_money_1)
     LUT5:I4->O            2   0.205   0.721  U3/Mmux_pin[2]_sum[4][30]_wide_mux_92_OUT122 (U3/Mmux_pin[2]_sum[4][30]_wide_mux_92_OUT121)
     LUT5:I3->O            2   0.203   0.616  U3/options_pin[2]_AND_2083_o1 (U3/options_pin[2]_AND_2083_o)
     LDC:CLR                   0.430          U3/remained_money_1_LDC
    ----------------------------------------
    Total                      4.269ns (1.541ns logic, 2.728ns route)
                                       (36.1% logic, 63.9% route)

=========================================================================
Timing constraint: Default period analysis for Clock 'U3/options_pin[2]_AND_2076_o'
  Clock period: 4.405ns (frequency: 227.038MHz)
  Total number of paths / destination ports: 2 / 1
-------------------------------------------------------------------------
Delay:               4.405ns (Levels of Logic = 3)
  Source:            U3/remained_money_4_LDC (LATCH)
  Destination:       U3/remained_money_4_LDC (LATCH)
  Source Clock:      U3/options_pin[2]_AND_2076_o falling
  Destination Clock: U3/options_pin[2]_AND_2076_o falling

  Data Path: U3/remained_money_4_LDC to U3/remained_money_4_LDC
                                Gate     Net
    Cell:in->out      fanout   Delay   Delay  Logical Name (Net Name)
    ----------------------------------------  ------------
     LDC:G->Q              2   0.498   0.617  U3/remained_money_4_LDC (U3/remained_money_4_LDC)
     LUT3:I2->O           12   0.205   0.909  U3/remained_money_41 (U3/remained_money_4)
     LUT5:I4->O            2   0.205   0.721  U3/Mmux_pin[2]_sum[4][30]_wide_mux_92_OUT262 (U3/Mmux_pin[2]_sum[4][30]_wide_mux_92_OUT261)
     LUT5:I3->O            2   0.203   0.616  U3/options_pin[2]_AND_2077_o1 (U3/options_pin[2]_AND_2077_o)
     LDC:CLR                   0.430          U3/remained_money_4_LDC
    ----------------------------------------
    Total                      4.405ns (1.541ns logic, 2.864ns route)
                                       (35.0% logic, 65.0% route)

=========================================================================
Timing constraint: Default period analysis for Clock 'U3/options_pin[2]_AND_2074_o'
  Clock period: 4.405ns (frequency: 227.038MHz)
  Total number of paths / destination ports: 2 / 1
-------------------------------------------------------------------------
Delay:               4.405ns (Levels of Logic = 3)
  Source:            U3/remained_money_5_LDC (LATCH)
  Destination:       U3/remained_money_5_LDC (LATCH)
  Source Clock:      U3/options_pin[2]_AND_2074_o falling
  Destination Clock: U3/options_pin[2]_AND_2074_o falling

  Data Path: U3/remained_money_5_LDC to U3/remained_money_5_LDC
                                Gate     Net
    Cell:in->out      fanout   Delay   Delay  Logical Name (Net Name)
    ----------------------------------------  ------------
     LDC:G->Q              2   0.498   0.617  U3/remained_money_5_LDC (U3/remained_money_5_LDC)
     LUT3:I2->O           12   0.205   0.909  U3/remained_money_51 (U3/remained_money_5)
     LUT5:I4->O            2   0.205   0.721  U3/Mmux_pin[2]_sum[4][30]_wide_mux_92_OUT272 (U3/Mmux_pin[2]_sum[4][30]_wide_mux_92_OUT271)
     LUT5:I3->O            2   0.203   0.616  U3/options_pin[2]_AND_2075_o1 (U3/options_pin[2]_AND_2075_o)
     LDC:CLR                   0.430          U3/remained_money_5_LDC
    ----------------------------------------
    Total                      4.405ns (1.541ns logic, 2.864ns route)
                                       (35.0% logic, 65.0% route)

=========================================================================
Timing constraint: Default period analysis for Clock 'U3/options_pin[2]_AND_2072_o'
  Clock period: 4.405ns (frequency: 227.038MHz)
  Total number of paths / destination ports: 2 / 1
-------------------------------------------------------------------------
Delay:               4.405ns (Levels of Logic = 3)
  Source:            U3/remained_money_6_LDC (LATCH)
  Destination:       U3/remained_money_6_LDC (LATCH)
  Source Clock:      U3/options_pin[2]_AND_2072_o falling
  Destination Clock: U3/options_pin[2]_AND_2072_o falling

  Data Path: U3/remained_money_6_LDC to U3/remained_money_6_LDC
                                Gate     Net
    Cell:in->out      fanout   Delay   Delay  Logical Name (Net Name)
    ----------------------------------------  ------------
     LDC:G->Q              2   0.498   0.617  U3/remained_money_6_LDC (U3/remained_money_6_LDC)
     LUT3:I2->O           12   0.205   0.909  U3/remained_money_61 (U3/remained_money_6)
     LUT5:I4->O            2   0.205   0.721  U3/Mmux_pin[2]_sum[4][30]_wide_mux_92_OUT282 (U3/Mmux_pin[2]_sum[4][30]_wide_mux_92_OUT281)
     LUT5:I3->O            2   0.203   0.616  U3/options_pin[2]_AND_2073_o1 (U3/options_pin[2]_AND_2073_o)
     LDC:CLR                   0.430          U3/remained_money_6_LDC
    ----------------------------------------
    Total                      4.405ns (1.541ns logic, 2.864ns route)
                                       (35.0% logic, 65.0% route)

=========================================================================
Timing constraint: Default period analysis for Clock 'U3/options_pin[2]_AND_2066_o'
  Clock period: 4.405ns (frequency: 227.038MHz)
  Total number of paths / destination ports: 2 / 1
-------------------------------------------------------------------------
Delay:               4.405ns (Levels of Logic = 3)
  Source:            U3/remained_money_9_LDC (LATCH)
  Destination:       U3/remained_money_9_LDC (LATCH)
  Source Clock:      U3/options_pin[2]_AND_2066_o falling
  Destination Clock: U3/options_pin[2]_AND_2066_o falling

  Data Path: U3/remained_money_9_LDC to U3/remained_money_9_LDC
                                Gate     Net
    Cell:in->out      fanout   Delay   Delay  Logical Name (Net Name)
    ----------------------------------------  ------------
     LDC:G->Q              2   0.498   0.617  U3/remained_money_9_LDC (U3/remained_money_9_LDC)
     LUT3:I2->O           12   0.205   0.909  U3/remained_money_91 (U3/remained_money_9)
     LUT5:I4->O            2   0.205   0.721  U3/Mmux_pin[2]_sum[4][30]_wide_mux_92_OUT312 (U3/Mmux_pin[2]_sum[4][30]_wide_mux_92_OUT311)
     LUT5:I3->O            2   0.203   0.616  U3/options_pin[2]_AND_2067_o1 (U3/options_pin[2]_AND_2067_o)
     LDC:CLR                   0.430          U3/remained_money_9_LDC
    ----------------------------------------
    Total                      4.405ns (1.541ns logic, 2.864ns route)
                                       (35.0% logic, 65.0% route)

=========================================================================
Timing constraint: Default period analysis for Clock 'U3/options_pin[2]_AND_2070_o'
  Clock period: 4.405ns (frequency: 227.038MHz)
  Total number of paths / destination ports: 2 / 1
-------------------------------------------------------------------------
Delay:               4.405ns (Levels of Logic = 3)
  Source:            U3/remained_money_7_LDC (LATCH)
  Destination:       U3/remained_money_7_LDC (LATCH)
  Source Clock:      U3/options_pin[2]_AND_2070_o falling
  Destination Clock: U3/options_pin[2]_AND_2070_o falling

  Data Path: U3/remained_money_7_LDC to U3/remained_money_7_LDC
                                Gate     Net
    Cell:in->out      fanout   Delay   Delay  Logical Name (Net Name)
    ----------------------------------------  ------------
     LDC:G->Q              2   0.498   0.617  U3/remained_money_7_LDC (U3/remained_money_7_LDC)
     LUT3:I2->O           12   0.205   0.909  U3/remained_money_71 (U3/remained_money_7)
     LUT5:I4->O            2   0.205   0.721  U3/Mmux_pin[2]_sum[4][30]_wide_mux_92_OUT292 (U3/Mmux_pin[2]_sum[4][30]_wide_mux_92_OUT291)
     LUT5:I3->O            2   0.203   0.616  U3/options_pin[2]_AND_2071_o1 (U3/options_pin[2]_AND_2071_o)
     LDC:CLR                   0.430          U3/remained_money_7_LDC
    ----------------------------------------
    Total                      4.405ns (1.541ns logic, 2.864ns route)
                                       (35.0% logic, 65.0% route)

=========================================================================
Timing constraint: Default period analysis for Clock 'U3/options_pin[2]_AND_2068_o'
  Clock period: 4.405ns (frequency: 227.038MHz)
  Total number of paths / destination ports: 2 / 1
-------------------------------------------------------------------------
Delay:               4.405ns (Levels of Logic = 3)
  Source:            U3/remained_money_8_LDC (LATCH)
  Destination:       U3/remained_money_8_LDC (LATCH)
  Source Clock:      U3/options_pin[2]_AND_2068_o falling
  Destination Clock: U3/options_pin[2]_AND_2068_o falling

  Data Path: U3/remained_money_8_LDC to U3/remained_money_8_LDC
                                Gate     Net
    Cell:in->out      fanout   Delay   Delay  Logical Name (Net Name)
    ----------------------------------------  ------------
     LDC:G->Q              2   0.498   0.617  U3/remained_money_8_LDC (U3/remained_money_8_LDC)
     LUT3:I2->O           12   0.205   0.909  U3/remained_money_81 (U3/remained_money_8)
     LUT5:I4->O            2   0.205   0.721  U3/Mmux_pin[2]_sum[4][30]_wide_mux_92_OUT302 (U3/Mmux_pin[2]_sum[4][30]_wide_mux_92_OUT301)
     LUT5:I3->O            2   0.203   0.616  U3/options_pin[2]_AND_2069_o1 (U3/options_pin[2]_AND_2069_o)
     LDC:CLR                   0.430          U3/remained_money_8_LDC
    ----------------------------------------
    Total                      4.405ns (1.541ns logic, 2.864ns route)
                                       (35.0% logic, 65.0% route)

=========================================================================
Timing constraint: Default period analysis for Clock 'U3/options_pin[2]_AND_2064_o'
  Clock period: 4.405ns (frequency: 227.038MHz)
  Total number of paths / destination ports: 2 / 1
-------------------------------------------------------------------------
Delay:               4.405ns (Levels of Logic = 3)
  Source:            U3/remained_money_10_LDC (LATCH)
  Destination:       U3/remained_money_10_LDC (LATCH)
  Source Clock:      U3/options_pin[2]_AND_2064_o falling
  Destination Clock: U3/options_pin[2]_AND_2064_o falling

  Data Path: U3/remained_money_10_LDC to U3/remained_money_10_LDC
                                Gate     Net
    Cell:in->out      fanout   Delay   Delay  Logical Name (Net Name)
    ----------------------------------------  ------------
     LDC:G->Q              2   0.498   0.617  U3/remained_money_10_LDC (U3/remained_money_10_LDC)
     LUT3:I2->O           12   0.205   0.909  U3/remained_money_101 (U3/remained_money_10)
     LUT5:I4->O            2   0.205   0.721  U3/Mmux_pin[2]_sum[4][30]_wide_mux_92_OUT22 (U3/Mmux_pin[2]_sum[4][30]_wide_mux_92_OUT210)
     LUT5:I3->O            2   0.203   0.616  U3/options_pin[2]_AND_2065_o1 (U3/options_pin[2]_AND_2065_o)
     LDC:CLR                   0.430          U3/remained_money_10_LDC
    ----------------------------------------
    Total                      4.405ns (1.541ns logic, 2.864ns route)
                                       (35.0% logic, 65.0% route)

=========================================================================
Timing constraint: Default period analysis for Clock 'U3/options_pin[2]_AND_2062_o'
  Clock period: 4.429ns (frequency: 225.774MHz)
  Total number of paths / destination ports: 2 / 1
-------------------------------------------------------------------------
Delay:               4.429ns (Levels of Logic = 3)
  Source:            U3/remained_money_11_LDC (LATCH)
  Destination:       U3/remained_money_11_LDC (LATCH)
  Source Clock:      U3/options_pin[2]_AND_2062_o falling
  Destination Clock: U3/options_pin[2]_AND_2062_o falling

  Data Path: U3/remained_money_11_LDC to U3/remained_money_11_LDC
                                Gate     Net
    Cell:in->out      fanout   Delay   Delay  Logical Name (Net Name)
    ----------------------------------------  ------------
     LDC:G->Q              2   0.498   0.617  U3/remained_money_11_LDC (U3/remained_money_11_LDC)
     LUT3:I2->O           13   0.205   0.933  U3/remained_money_111 (U3/remained_money_11)
     LUT5:I4->O            2   0.205   0.721  U3/Mmux_pin[2]_sum[4][30]_wide_mux_92_OUT32 (U3/Mmux_pin[2]_sum[4][30]_wide_mux_92_OUT32)
     LUT5:I3->O            2   0.203   0.616  U3/options_pin[2]_AND_2063_o1 (U3/options_pin[2]_AND_2063_o)
     LDC:CLR                   0.430          U3/remained_money_11_LDC
    ----------------------------------------
    Total                      4.429ns (1.541ns logic, 2.888ns route)
                                       (34.8% logic, 65.2% route)

=========================================================================
Timing constraint: Default period analysis for Clock 'U3/options_pin[2]_AND_2060_o'
  Clock period: 4.379ns (frequency: 228.360MHz)
  Total number of paths / destination ports: 2 / 1
-------------------------------------------------------------------------
Delay:               4.379ns (Levels of Logic = 3)
  Source:            U3/remained_money_12_LDC (LATCH)
  Destination:       U3/remained_money_12_LDC (LATCH)
  Source Clock:      U3/options_pin[2]_AND_2060_o falling
  Destination Clock: U3/options_pin[2]_AND_2060_o falling

  Data Path: U3/remained_money_12_LDC to U3/remained_money_12_LDC
                                Gate     Net
    Cell:in->out      fanout   Delay   Delay  Logical Name (Net Name)
    ----------------------------------------  ------------
     LDC:G->Q              2   0.498   0.617  U3/remained_money_12_LDC (U3/remained_money_12_LDC)
     LUT3:I2->O           11   0.205   0.883  U3/remained_money_121 (U3/remained_money_12)
     LUT5:I4->O            2   0.205   0.721  U3/Mmux_pin[2]_sum[4][30]_wide_mux_92_OUT42 (U3/Mmux_pin[2]_sum[4][30]_wide_mux_92_OUT41)
     LUT5:I3->O            2   0.203   0.616  U3/options_pin[2]_AND_2061_o1 (U3/options_pin[2]_AND_2061_o)
     LDC:CLR                   0.430          U3/remained_money_12_LDC
    ----------------------------------------
    Total                      4.379ns (1.541ns logic, 2.838ns route)
                                       (35.2% logic, 64.8% route)

=========================================================================
Timing constraint: Default period analysis for Clock 'U3/options_pin[2]_AND_2058_o'
  Clock period: 4.353ns (frequency: 229.742MHz)
  Total number of paths / destination ports: 2 / 1
-------------------------------------------------------------------------
Delay:               4.353ns (Levels of Logic = 3)
  Source:            U3/remained_money_13_LDC (LATCH)
  Destination:       U3/remained_money_13_LDC (LATCH)
  Source Clock:      U3/options_pin[2]_AND_2058_o falling
  Destination Clock: U3/options_pin[2]_AND_2058_o falling

  Data Path: U3/remained_money_13_LDC to U3/remained_money_13_LDC
                                Gate     Net
    Cell:in->out      fanout   Delay   Delay  Logical Name (Net Name)
    ----------------------------------------  ------------
     LDC:G->Q              2   0.498   0.617  U3/remained_money_13_LDC (U3/remained_money_13_LDC)
     LUT3:I2->O           10   0.205   0.857  U3/remained_money_131 (U3/remained_money_13)
     LUT5:I4->O            2   0.205   0.721  U3/Mmux_pin[2]_sum[4][30]_wide_mux_92_OUT52 (U3/Mmux_pin[2]_sum[4][30]_wide_mux_92_OUT51)
     LUT5:I3->O            2   0.203   0.616  U3/options_pin[2]_AND_2059_o1 (U3/options_pin[2]_AND_2059_o)
     LDC:CLR                   0.430          U3/remained_money_13_LDC
    ----------------------------------------
    Total                      4.353ns (1.541ns logic, 2.812ns route)
                                       (35.4% logic, 64.6% route)

=========================================================================
Timing constraint: Default period analysis for Clock 'U3/options_pin[2]_AND_2052_o'
  Clock period: 4.147ns (frequency: 241.138MHz)
  Total number of paths / destination ports: 2 / 1
-------------------------------------------------------------------------
Delay:               4.147ns (Levels of Logic = 3)
  Source:            U3/remained_money_16_LDC (LATCH)
  Destination:       U3/remained_money_16_LDC (LATCH)
  Source Clock:      U3/options_pin[2]_AND_2052_o falling
  Destination Clock: U3/options_pin[2]_AND_2052_o falling

  Data Path: U3/remained_money_16_LDC to U3/remained_money_16_LDC
                                Gate     Net
    Cell:in->out      fanout   Delay   Delay  Logical Name (Net Name)
    ----------------------------------------  ------------
     LDC:G->Q              2   0.498   0.617  U3/remained_money_16_LDC (U3/remained_money_16_LDC)
     LUT3:I2->O            3   0.205   0.651  U3/remained_money_161 (U3/remained_money_16)
     LUT5:I4->O            2   0.205   0.721  U3/Mmux_pin[2]_sum[4][30]_wide_mux_92_OUT82 (U3/Mmux_pin[2]_sum[4][30]_wide_mux_92_OUT81)
     LUT5:I3->O            2   0.203   0.616  U3/options_pin[2]_AND_2053_o1 (U3/options_pin[2]_AND_2053_o)
     LDC:CLR                   0.430          U3/remained_money_16_LDC
    ----------------------------------------
    Total                      4.147ns (1.541ns logic, 2.606ns route)
                                       (37.2% logic, 62.8% route)

=========================================================================
Timing constraint: Default period analysis for Clock 'U3/options_pin[2]_AND_2056_o'
  Clock period: 4.359ns (frequency: 229.384MHz)
  Total number of paths / destination ports: 2 / 1
-------------------------------------------------------------------------
Delay:               4.359ns (Levels of Logic = 3)
  Source:            U3/remained_money_14_LDC (LATCH)
  Destination:       U3/remained_money_14_LDC (LATCH)
  Source Clock:      U3/options_pin[2]_AND_2056_o falling
  Destination Clock: U3/options_pin[2]_AND_2056_o falling

  Data Path: U3/remained_money_14_LDC to U3/remained_money_14_LDC
                                Gate     Net
    Cell:in->out      fanout   Delay   Delay  Logical Name (Net Name)
    ----------------------------------------  ------------
     LDC:G->Q              3   0.498   0.651  U3/remained_money_14_LDC (U3/remained_money_14_LDC)
     LUT3:I2->O            9   0.205   0.830  U3/remained_money_141 (U3/remained_money_14)
     LUT5:I4->O            2   0.205   0.721  U3/Mmux_pin[2]_sum[4][30]_wide_mux_92_OUT62 (U3/Mmux_pin[2]_sum[4][30]_wide_mux_92_OUT61)
     LUT5:I3->O            2   0.203   0.616  U3/options_pin[2]_AND_2057_o1 (U3/options_pin[2]_AND_2057_o)
     LDC:CLR                   0.430          U3/remained_money_14_LDC
    ----------------------------------------
    Total                      4.359ns (1.541ns logic, 2.819ns route)
                                       (35.3% logic, 64.7% route)

=========================================================================
Timing constraint: Default period analysis for Clock 'U3/options_pin[2]_AND_2054_o'
  Clock period: 4.359ns (frequency: 229.384MHz)
  Total number of paths / destination ports: 2 / 1
-------------------------------------------------------------------------
Delay:               4.359ns (Levels of Logic = 3)
  Source:            U3/remained_money_15_LDC (LATCH)
  Destination:       U3/remained_money_15_LDC (LATCH)
  Source Clock:      U3/options_pin[2]_AND_2054_o falling
  Destination Clock: U3/options_pin[2]_AND_2054_o falling

  Data Path: U3/remained_money_15_LDC to U3/remained_money_15_LDC
                                Gate     Net
    Cell:in->out      fanout   Delay   Delay  Logical Name (Net Name)
    ----------------------------------------  ------------
     LDC:G->Q              3   0.498   0.651  U3/remained_money_15_LDC (U3/remained_money_15_LDC)
     LUT3:I2->O            9   0.205   0.830  U3/remained_money_151 (U3/remained_money_15)
     LUT5:I4->O            2   0.205   0.721  U3/Mmux_pin[2]_sum[4][30]_wide_mux_92_OUT72 (U3/Mmux_pin[2]_sum[4][30]_wide_mux_92_OUT71)
     LUT5:I3->O            2   0.203   0.616  U3/options_pin[2]_AND_2055_o1 (U3/options_pin[2]_AND_2055_o)
     LDC:CLR                   0.430          U3/remained_money_15_LDC
    ----------------------------------------
    Total                      4.359ns (1.541ns logic, 2.819ns route)
                                       (35.3% logic, 64.7% route)

=========================================================================
Timing constraint: Default period analysis for Clock 'U3/options_pin[2]_AND_2046_o'
  Clock period: 4.147ns (frequency: 241.138MHz)
  Total number of paths / destination ports: 2 / 1
-------------------------------------------------------------------------
Delay:               4.147ns (Levels of Logic = 3)
  Source:            U3/remained_money_19_LDC (LATCH)
  Destination:       U3/remained_money_19_LDC (LATCH)
  Source Clock:      U3/options_pin[2]_AND_2046_o falling
  Destination Clock: U3/options_pin[2]_AND_2046_o falling

  Data Path: U3/remained_money_19_LDC to U3/remained_money_19_LDC
                                Gate     Net
    Cell:in->out      fanout   Delay   Delay  Logical Name (Net Name)
    ----------------------------------------  ------------
     LDC:G->Q              2   0.498   0.617  U3/remained_money_19_LDC (U3/remained_money_19_LDC)
     LUT3:I2->O            3   0.205   0.651  U3/remained_money_191 (U3/remained_money_19)
     LUT5:I4->O            2   0.205   0.721  U3/Mmux_pin[2]_sum[4][30]_wide_mux_92_OUT114 (U3/Mmux_pin[2]_sum[4][30]_wide_mux_92_OUT116)
     LUT5:I3->O            2   0.203   0.616  U3/options_pin[2]_AND_2047_o1 (U3/options_pin[2]_AND_2047_o)
     LDC:CLR                   0.430          U3/remained_money_19_LDC
    ----------------------------------------
    Total                      4.147ns (1.541ns logic, 2.606ns route)
                                       (37.2% logic, 62.8% route)

=========================================================================
Timing constraint: Default period analysis for Clock 'U3/options_pin[2]_AND_2050_o'
  Clock period: 4.147ns (frequency: 241.138MHz)
  Total number of paths / destination ports: 2 / 1
-------------------------------------------------------------------------
Delay:               4.147ns (Levels of Logic = 3)
  Source:            U3/remained_money_17_LDC (LATCH)
  Destination:       U3/remained_money_17_LDC (LATCH)
  Source Clock:      U3/options_pin[2]_AND_2050_o falling
  Destination Clock: U3/options_pin[2]_AND_2050_o falling

  Data Path: U3/remained_money_17_LDC to U3/remained_money_17_LDC
                                Gate     Net
    Cell:in->out      fanout   Delay   Delay  Logical Name (Net Name)
    ----------------------------------------  ------------
     LDC:G->Q              2   0.498   0.617  U3/remained_money_17_LDC (U3/remained_money_17_LDC)
     LUT3:I2->O            3   0.205   0.651  U3/remained_money_171 (U3/remained_money_17)
     LUT5:I4->O            2   0.205   0.721  U3/Mmux_pin[2]_sum[4][30]_wide_mux_92_OUT92 (U3/Mmux_pin[2]_sum[4][30]_wide_mux_92_OUT91)
     LUT5:I3->O            2   0.203   0.616  U3/options_pin[2]_AND_2051_o1 (U3/options_pin[2]_AND_2051_o)
     LDC:CLR                   0.430          U3/remained_money_17_LDC
    ----------------------------------------
    Total                      4.147ns (1.541ns logic, 2.606ns route)
                                       (37.2% logic, 62.8% route)

=========================================================================
Timing constraint: Default period analysis for Clock 'U3/options_pin[2]_AND_2048_o'
  Clock period: 4.147ns (frequency: 241.138MHz)
  Total number of paths / destination ports: 2 / 1
-------------------------------------------------------------------------
Delay:               4.147ns (Levels of Logic = 3)
  Source:            U3/remained_money_18_LDC (LATCH)
  Destination:       U3/remained_money_18_LDC (LATCH)
  Source Clock:      U3/options_pin[2]_AND_2048_o falling
  Destination Clock: U3/options_pin[2]_AND_2048_o falling

  Data Path: U3/remained_money_18_LDC to U3/remained_money_18_LDC
                                Gate     Net
    Cell:in->out      fanout   Delay   Delay  Logical Name (Net Name)
    ----------------------------------------  ------------
     LDC:G->Q              2   0.498   0.617  U3/remained_money_18_LDC (U3/remained_money_18_LDC)
     LUT3:I2->O            3   0.205   0.651  U3/remained_money_181 (U3/remained_money_18)
     LUT5:I4->O            2   0.205   0.721  U3/Mmux_pin[2]_sum[4][30]_wide_mux_92_OUT102 (U3/Mmux_pin[2]_sum[4][30]_wide_mux_92_OUT101)
     LUT5:I3->O            2   0.203   0.616  U3/options_pin[2]_AND_2049_o1 (U3/options_pin[2]_AND_2049_o)
     LDC:CLR                   0.430          U3/remained_money_18_LDC
    ----------------------------------------
    Total                      4.147ns (1.541ns logic, 2.606ns route)
                                       (37.2% logic, 62.8% route)

=========================================================================
Timing constraint: Default period analysis for Clock 'U3/options_pin[2]_AND_2040_o'
  Clock period: 4.147ns (frequency: 241.138MHz)
  Total number of paths / destination ports: 2 / 1
-------------------------------------------------------------------------
Delay:               4.147ns (Levels of Logic = 3)
  Source:            U3/remained_money_22_LDC (LATCH)
  Destination:       U3/remained_money_22_LDC (LATCH)
  Source Clock:      U3/options_pin[2]_AND_2040_o falling
  Destination Clock: U3/options_pin[2]_AND_2040_o falling

  Data Path: U3/remained_money_22_LDC to U3/remained_money_22_LDC
                                Gate     Net
    Cell:in->out      fanout   Delay   Delay  Logical Name (Net Name)
    ----------------------------------------  ------------
     LDC:G->Q              2   0.498   0.617  U3/remained_money_22_LDC (U3/remained_money_22_LDC)
     LUT3:I2->O            3   0.205   0.651  U3/remained_money_221 (U3/remained_money_22)
     LUT5:I4->O            2   0.205   0.721  U3/Mmux_pin[2]_sum[4][30]_wide_mux_92_OUT152 (U3/Mmux_pin[2]_sum[4][30]_wide_mux_92_OUT151)
     LUT5:I3->O            2   0.203   0.616  U3/options_pin[2]_AND_2041_o1 (U3/options_pin[2]_AND_2041_o)
     LDC:CLR                   0.430          U3/remained_money_22_LDC
    ----------------------------------------
    Total                      4.147ns (1.541ns logic, 2.606ns route)
                                       (37.2% logic, 62.8% route)

=========================================================================
Timing constraint: Default period analysis for Clock 'U3/options_pin[2]_AND_2044_o'
  Clock period: 4.147ns (frequency: 241.138MHz)
  Total number of paths / destination ports: 2 / 1
-------------------------------------------------------------------------
Delay:               4.147ns (Levels of Logic = 3)
  Source:            U3/remained_money_20_LDC (LATCH)
  Destination:       U3/remained_money_20_LDC (LATCH)
  Source Clock:      U3/options_pin[2]_AND_2044_o falling
  Destination Clock: U3/options_pin[2]_AND_2044_o falling

  Data Path: U3/remained_money_20_LDC to U3/remained_money_20_LDC
                                Gate     Net
    Cell:in->out      fanout   Delay   Delay  Logical Name (Net Name)
    ----------------------------------------  ------------
     LDC:G->Q              2   0.498   0.617  U3/remained_money_20_LDC (U3/remained_money_20_LDC)
     LUT3:I2->O            3   0.205   0.651  U3/remained_money_201 (U3/remained_money_20)
     LUT5:I4->O            2   0.205   0.721  U3/Mmux_pin[2]_sum[4][30]_wide_mux_92_OUT132 (U3/Mmux_pin[2]_sum[4][30]_wide_mux_92_OUT131)
     LUT5:I3->O            2   0.203   0.616  U3/options_pin[2]_AND_2045_o1 (U3/options_pin[2]_AND_2045_o)
     LDC:CLR                   0.430          U3/remained_money_20_LDC
    ----------------------------------------
    Total                      4.147ns (1.541ns logic, 2.606ns route)
                                       (37.2% logic, 62.8% route)

=========================================================================
Timing constraint: Default period analysis for Clock 'U3/options_pin[2]_AND_2042_o'
  Clock period: 4.147ns (frequency: 241.138MHz)
  Total number of paths / destination ports: 2 / 1
-------------------------------------------------------------------------
Delay:               4.147ns (Levels of Logic = 3)
  Source:            U3/remained_money_21_LDC (LATCH)
  Destination:       U3/remained_money_21_LDC (LATCH)
  Source Clock:      U3/options_pin[2]_AND_2042_o falling
  Destination Clock: U3/options_pin[2]_AND_2042_o falling

  Data Path: U3/remained_money_21_LDC to U3/remained_money_21_LDC
                                Gate     Net
    Cell:in->out      fanout   Delay   Delay  Logical Name (Net Name)
    ----------------------------------------  ------------
     LDC:G->Q              2   0.498   0.617  U3/remained_money_21_LDC (U3/remained_money_21_LDC)
     LUT3:I2->O            3   0.205   0.651  U3/remained_money_211 (U3/remained_money_21)
     LUT5:I4->O            2   0.205   0.721  U3/Mmux_pin[2]_sum[4][30]_wide_mux_92_OUT142 (U3/Mmux_pin[2]_sum[4][30]_wide_mux_92_OUT141)
     LUT5:I3->O            2   0.203   0.616  U3/options_pin[2]_AND_2043_o1 (U3/options_pin[2]_AND_2043_o)
     LDC:CLR                   0.430          U3/remained_money_21_LDC
    ----------------------------------------
    Total                      4.147ns (1.541ns logic, 2.606ns route)
                                       (37.2% logic, 62.8% route)

=========================================================================
Timing constraint: Default period analysis for Clock 'U3/options_pin[2]_AND_2038_o'
  Clock period: 4.147ns (frequency: 241.138MHz)
  Total number of paths / destination ports: 2 / 1
-------------------------------------------------------------------------
Delay:               4.147ns (Levels of Logic = 3)
  Source:            U3/remained_money_23_LDC (LATCH)
  Destination:       U3/remained_money_23_LDC (LATCH)
  Source Clock:      U3/options_pin[2]_AND_2038_o falling
  Destination Clock: U3/options_pin[2]_AND_2038_o falling

  Data Path: U3/remained_money_23_LDC to U3/remained_money_23_LDC
                                Gate     Net
    Cell:in->out      fanout   Delay   Delay  Logical Name (Net Name)
    ----------------------------------------  ------------
     LDC:G->Q              2   0.498   0.617  U3/remained_money_23_LDC (U3/remained_money_23_LDC)
     LUT3:I2->O            3   0.205   0.651  U3/remained_money_231 (U3/remained_money_23)
     LUT5:I4->O            2   0.205   0.721  U3/Mmux_pin[2]_sum[4][30]_wide_mux_92_OUT162 (U3/Mmux_pin[2]_sum[4][30]_wide_mux_92_OUT161)
     LUT5:I3->O            2   0.203   0.616  U3/options_pin[2]_AND_2039_o1 (U3/options_pin[2]_AND_2039_o)
     LDC:CLR                   0.430          U3/remained_money_23_LDC
    ----------------------------------------
    Total                      4.147ns (1.541ns logic, 2.606ns route)
                                       (37.2% logic, 62.8% route)

=========================================================================
Timing constraint: Default period analysis for Clock 'U3/options_pin[2]_AND_2036_o'
  Clock period: 4.147ns (frequency: 241.138MHz)
  Total number of paths / destination ports: 2 / 1
-------------------------------------------------------------------------
Delay:               4.147ns (Levels of Logic = 3)
  Source:            U3/remained_money_24_LDC (LATCH)
  Destination:       U3/remained_money_24_LDC (LATCH)
  Source Clock:      U3/options_pin[2]_AND_2036_o falling
  Destination Clock: U3/options_pin[2]_AND_2036_o falling

  Data Path: U3/remained_money_24_LDC to U3/remained_money_24_LDC
                                Gate     Net
    Cell:in->out      fanout   Delay   Delay  Logical Name (Net Name)
    ----------------------------------------  ------------
     LDC:G->Q              2   0.498   0.617  U3/remained_money_24_LDC (U3/remained_money_24_LDC)
     LUT3:I2->O            3   0.205   0.651  U3/remained_money_241 (U3/remained_money_24)
     LUT5:I4->O            2   0.205   0.721  U3/Mmux_pin[2]_sum[4][30]_wide_mux_92_OUT172 (U3/Mmux_pin[2]_sum[4][30]_wide_mux_92_OUT171)
     LUT5:I3->O            2   0.203   0.616  U3/options_pin[2]_AND_2037_o1 (U3/options_pin[2]_AND_2037_o)
     LDC:CLR                   0.430          U3/remained_money_24_LDC
    ----------------------------------------
    Total                      4.147ns (1.541ns logic, 2.606ns route)
                                       (37.2% logic, 62.8% route)

=========================================================================
Timing constraint: Default period analysis for Clock 'U3/options_pin[2]_AND_2034_o'
  Clock period: 4.147ns (frequency: 241.138MHz)
  Total number of paths / destination ports: 2 / 1
-------------------------------------------------------------------------
Delay:               4.147ns (Levels of Logic = 3)
  Source:            U3/remained_money_25_LDC (LATCH)
  Destination:       U3/remained_money_25_LDC (LATCH)
  Source Clock:      U3/options_pin[2]_AND_2034_o falling
  Destination Clock: U3/options_pin[2]_AND_2034_o falling

  Data Path: U3/remained_money_25_LDC to U3/remained_money_25_LDC
                                Gate     Net
    Cell:in->out      fanout   Delay   Delay  Logical Name (Net Name)
    ----------------------------------------  ------------
     LDC:G->Q              2   0.498   0.617  U3/remained_money_25_LDC (U3/remained_money_25_LDC)
     LUT3:I2->O            3   0.205   0.651  U3/remained_money_251 (U3/remained_money_25)
     LUT5:I4->O            2   0.205   0.721  U3/Mmux_pin[2]_sum[4][30]_wide_mux_92_OUT182 (U3/Mmux_pin[2]_sum[4][30]_wide_mux_92_OUT181)
     LUT5:I3->O            2   0.203   0.616  U3/options_pin[2]_AND_2035_o1 (U3/options_pin[2]_AND_2035_o)
     LDC:CLR                   0.430          U3/remained_money_25_LDC
    ----------------------------------------
    Total                      4.147ns (1.541ns logic, 2.606ns route)
                                       (37.2% logic, 62.8% route)

=========================================================================
Timing constraint: Default period analysis for Clock 'U3/options_pin[2]_AND_2032_o'
  Clock period: 4.147ns (frequency: 241.138MHz)
  Total number of paths / destination ports: 2 / 1
-------------------------------------------------------------------------
Delay:               4.147ns (Levels of Logic = 3)
  Source:            U3/remained_money_26_LDC (LATCH)
  Destination:       U3/remained_money_26_LDC (LATCH)
  Source Clock:      U3/options_pin[2]_AND_2032_o falling
  Destination Clock: U3/options_pin[2]_AND_2032_o falling

  Data Path: U3/remained_money_26_LDC to U3/remained_money_26_LDC
                                Gate     Net
    Cell:in->out      fanout   Delay   Delay  Logical Name (Net Name)
    ----------------------------------------  ------------
     LDC:G->Q              2   0.498   0.617  U3/remained_money_26_LDC (U3/remained_money_26_LDC)
     LUT3:I2->O            3   0.205   0.651  U3/remained_money_261 (U3/remained_money_26)
     LUT5:I4->O            2   0.205   0.721  U3/Mmux_pin[2]_sum[4][30]_wide_mux_92_OUT192 (U3/Mmux_pin[2]_sum[4][30]_wide_mux_92_OUT191)
     LUT5:I3->O            2   0.203   0.616  U3/options_pin[2]_AND_2033_o1 (U3/options_pin[2]_AND_2033_o)
     LDC:CLR                   0.430          U3/remained_money_26_LDC
    ----------------------------------------
    Total                      4.147ns (1.541ns logic, 2.606ns route)
                                       (37.2% logic, 62.8% route)

=========================================================================
Timing constraint: Default period analysis for Clock 'U3/options_pin[2]_AND_2026_o'
  Clock period: 4.147ns (frequency: 241.138MHz)
  Total number of paths / destination ports: 2 / 1
-------------------------------------------------------------------------
Delay:               4.147ns (Levels of Logic = 3)
  Source:            U3/remained_money_29_LDC (LATCH)
  Destination:       U3/remained_money_29_LDC (LATCH)
  Source Clock:      U3/options_pin[2]_AND_2026_o falling
  Destination Clock: U3/options_pin[2]_AND_2026_o falling

  Data Path: U3/remained_money_29_LDC to U3/remained_money_29_LDC
                                Gate     Net
    Cell:in->out      fanout   Delay   Delay  Logical Name (Net Name)
    ----------------------------------------  ------------
     LDC:G->Q              2   0.498   0.617  U3/remained_money_29_LDC (U3/remained_money_29_LDC)
     LUT3:I2->O            3   0.205   0.651  U3/remained_money_291 (U3/remained_money_29)
     LUT5:I4->O            2   0.205   0.721  U3/Mmux_pin[2]_sum[4][30]_wide_mux_92_OUT222 (U3/Mmux_pin[2]_sum[4][30]_wide_mux_92_OUT221)
     LUT5:I3->O            2   0.203   0.616  U3/options_pin[2]_AND_2027_o1 (U3/options_pin[2]_AND_2027_o)
     LDC:CLR                   0.430          U3/remained_money_29_LDC
    ----------------------------------------
    Total                      4.147ns (1.541ns logic, 2.606ns route)
                                       (37.2% logic, 62.8% route)

=========================================================================
Timing constraint: Default period analysis for Clock 'U3/options_pin[2]_AND_2030_o'
  Clock period: 4.147ns (frequency: 241.138MHz)
  Total number of paths / destination ports: 2 / 1
-------------------------------------------------------------------------
Delay:               4.147ns (Levels of Logic = 3)
  Source:            U3/remained_money_27_LDC (LATCH)
  Destination:       U3/remained_money_27_LDC (LATCH)
  Source Clock:      U3/options_pin[2]_AND_2030_o falling
  Destination Clock: U3/options_pin[2]_AND_2030_o falling

  Data Path: U3/remained_money_27_LDC to U3/remained_money_27_LDC
                                Gate     Net
    Cell:in->out      fanout   Delay   Delay  Logical Name (Net Name)
    ----------------------------------------  ------------
     LDC:G->Q              2   0.498   0.617  U3/remained_money_27_LDC (U3/remained_money_27_LDC)
     LUT3:I2->O            3   0.205   0.651  U3/remained_money_271 (U3/remained_money_27)
     LUT5:I4->O            2   0.205   0.721  U3/Mmux_pin[2]_sum[4][30]_wide_mux_92_OUT202 (U3/Mmux_pin[2]_sum[4][30]_wide_mux_92_OUT201)
     LUT5:I3->O            2   0.203   0.616  U3/options_pin[2]_AND_2031_o1 (U3/options_pin[2]_AND_2031_o)
     LDC:CLR                   0.430          U3/remained_money_27_LDC
    ----------------------------------------
    Total                      4.147ns (1.541ns logic, 2.606ns route)
                                       (37.2% logic, 62.8% route)

=========================================================================
Timing constraint: Default period analysis for Clock 'U3/options_pin[2]_AND_2028_o'
  Clock period: 4.147ns (frequency: 241.138MHz)
  Total number of paths / destination ports: 2 / 1
-------------------------------------------------------------------------
Delay:               4.147ns (Levels of Logic = 3)
  Source:            U3/remained_money_28_LDC (LATCH)
  Destination:       U3/remained_money_28_LDC (LATCH)
  Source Clock:      U3/options_pin[2]_AND_2028_o falling
  Destination Clock: U3/options_pin[2]_AND_2028_o falling

  Data Path: U3/remained_money_28_LDC to U3/remained_money_28_LDC
                                Gate     Net
    Cell:in->out      fanout   Delay   Delay  Logical Name (Net Name)
    ----------------------------------------  ------------
     LDC:G->Q              2   0.498   0.617  U3/remained_money_28_LDC (U3/remained_money_28_LDC)
     LUT3:I2->O            3   0.205   0.651  U3/remained_money_281 (U3/remained_money_28)
     LUT5:I4->O            2   0.205   0.721  U3/Mmux_pin[2]_sum[4][30]_wide_mux_92_OUT212 (U3/Mmux_pin[2]_sum[4][30]_wide_mux_92_OUT211)
     LUT5:I3->O            2   0.203   0.616  U3/options_pin[2]_AND_2029_o1 (U3/options_pin[2]_AND_2029_o)
     LDC:CLR                   0.430          U3/remained_money_28_LDC
    ----------------------------------------
    Total                      4.147ns (1.541ns logic, 2.606ns route)
                                       (37.2% logic, 62.8% route)

=========================================================================
Timing constraint: Default period analysis for Clock 'U3/options_pin[2]_AND_2024_o'
  Clock period: 4.147ns (frequency: 241.138MHz)
  Total number of paths / destination ports: 2 / 1
-------------------------------------------------------------------------
Delay:               4.147ns (Levels of Logic = 3)
  Source:            U3/remained_money_30_LDC (LATCH)
  Destination:       U3/remained_money_30_LDC (LATCH)
  Source Clock:      U3/options_pin[2]_AND_2024_o falling
  Destination Clock: U3/options_pin[2]_AND_2024_o falling

  Data Path: U3/remained_money_30_LDC to U3/remained_money_30_LDC
                                Gate     Net
    Cell:in->out      fanout   Delay   Delay  Logical Name (Net Name)
    ----------------------------------------  ------------
     LDC:G->Q              2   0.498   0.617  U3/remained_money_30_LDC (U3/remained_money_30_LDC)
     LUT3:I2->O            3   0.205   0.651  U3/remained_money_301 (U3/remained_money_30)
     LUT5:I4->O            2   0.205   0.721  U3/Mmux_pin[2]_sum[4][30]_wide_mux_92_OUT242 (U3/Mmux_pin[2]_sum[4][30]_wide_mux_92_OUT241)
     LUT5:I3->O            2   0.203   0.616  U3/options_pin[2]_AND_2025_o1 (U3/options_pin[2]_AND_2025_o)
     LDC:CLR                   0.430          U3/remained_money_30_LDC
    ----------------------------------------
    Total                      4.147ns (1.541ns logic, 2.606ns route)
                                       (37.2% logic, 62.8% route)

=========================================================================
Timing constraint: Default period analysis for Clock 'U3/options_pin[2]_AND_2078_o'
  Clock period: 4.429ns (frequency: 225.774MHz)
  Total number of paths / destination ports: 2 / 1
-------------------------------------------------------------------------
Delay:               4.429ns (Levels of Logic = 3)
  Source:            U3/remained_money_3_LDC (LATCH)
  Destination:       U3/remained_money_3_LDC (LATCH)
  Source Clock:      U3/options_pin[2]_AND_2078_o falling
  Destination Clock: U3/options_pin[2]_AND_2078_o falling

  Data Path: U3/remained_money_3_LDC to U3/remained_money_3_LDC
                                Gate     Net
    Cell:in->out      fanout   Delay   Delay  Logical Name (Net Name)
    ----------------------------------------  ------------
     LDC:G->Q              2   0.498   0.617  U3/remained_money_3_LDC (U3/remained_money_3_LDC)
     LUT3:I2->O           13   0.205   0.933  U3/remained_money_31 (U3/remained_money_3)
     LUT5:I4->O            2   0.205   0.721  U3/Mmux_pin[2]_sum[4][30]_wide_mux_92_OUT252 (U3/Mmux_pin[2]_sum[4][30]_wide_mux_92_OUT251)
     LUT5:I3->O            2   0.203   0.616  U3/options_pin[2]_AND_2079_o1 (U3/options_pin[2]_AND_2079_o)
     LDC:CLR                   0.430          U3/remained_money_3_LDC
    ----------------------------------------
    Total                      4.429ns (1.541ns logic, 2.888ns route)
                                       (34.8% logic, 65.2% route)

=========================================================================
Timing constraint: Default period analysis for Clock 'debounce_actualizare/Divide/CLK0'
  Clock period: 1.232ns (frequency: 811.985MHz)
  Total number of paths / destination ports: 4 / 4
-------------------------------------------------------------------------
Delay:               1.232ns (Levels of Logic = 0)
  Source:            debounce_clock2/D0/Q (FF)
  Destination:       debounce_clock2/D1/Q (FF)
  Source Clock:      debounce_actualizare/Divide/CLK0 rising
  Destination Clock: debounce_actualizare/Divide/CLK0 rising

  Data Path: debounce_clock2/D0/Q to debounce_clock2/D1/Q
                                Gate     Net
    Cell:in->out      fanout   Delay   Delay  Logical Name (Net Name)
    ----------------------------------------  ------------
     FD:C->Q               4   0.447   0.683  debounce_clock2/D0/Q (debounce_clock2/D0/Q)
     FD:D                      0.102          debounce_clock2/D1/Q
    ----------------------------------------
    Total                      1.232ns (0.549ns logic, 0.683ns route)
                                       (44.6% logic, 55.4% route)

=========================================================================
Timing constraint: Default OFFSET IN BEFORE for Clock 'U3/okpin_clock_end_AND_1991_o'
  Total number of paths / destination ports: 217 / 62
-------------------------------------------------------------------------
Offset:              5.153ns (Levels of Logic = 2)
  Source:            pin<2> (PAD)
  Destination:       U3/inter_30 (LATCH)
  Destination Clock: U3/okpin_clock_end_AND_1991_o falling

  Data Path: pin<2> to U3/inter_30
                                Gate     Net
    Cell:in->out      fanout   Delay   Delay  Logical Name (Net Name)
    ----------------------------------------  ------------
     IBUF:I->O           108   1.222   2.127  pin_2_IBUF (pin_2_IBUF)
     LUT3:I0->O           31   0.205   1.277  U3/pin[2]_PWR_14_o_Mux_21_o1 (U3/pin[2]_PWR_14_o_Mux_21_o)
     LDE:GE                    0.322          U3/inter_30
    ----------------------------------------
    Total                      5.153ns (1.749ns logic, 3.404ns route)
                                       (33.9% logic, 66.1% route)

=========================================================================
Timing constraint: Default OFFSET IN BEFORE for Clock 'sign_actualization'
  Total number of paths / destination ports: 2573 / 279
-------------------------------------------------------------------------
Offset:              9.844ns (Levels of Logic = 5)
  Source:            pin<1> (PAD)
  Destination:       U3/remained_money_2_P_2 (FF)
  Destination Clock: sign_actualization rising

  Data Path: pin<1> to U3/remained_money_2_P_2
                                Gate     Net
    Cell:in->out      fanout   Delay   Delay  Logical Name (Net Name)
    ----------------------------------------  ------------
     IBUF:I->O           109   1.222   2.129  pin_1_IBUF (pin_1_IBUF)
     LUT3:I0->O           34   0.205   1.568  U3/Mmux_pin[2]_sum[4][30]_wide_mux_92_OUT1141 (U3/Mmux_pin[2]_sum[4][30]_wide_mux_92_OUT114)
     LUT5:I1->O            4   0.203   1.048  U1/Mmux_index_of_client[31]_index_of_client[31]_MUX_104_o25621 (U1/Mmux_index_of_client[31]_index_of_client[31]_MUX_104_o2562)
     LUT6:I0->O           69   0.203   2.017  U1/ok_pin3 (okpin_OBUF)
     LUT5:I0->O            2   0.203   0.616  U3/options_pin[2]_AND_2084_o1 (U3/options_pin[2]_AND_2084_o)
     FDP:PRE                   0.430          U3/remained_money_0_P_0
    ----------------------------------------
    Total                      9.844ns (2.466ns logic, 7.378ns route)
                                       (25.1% logic, 74.9% route)

=========================================================================
Timing constraint: Default OFFSET IN BEFORE for Clock 'sign_clock_end'
  Total number of paths / destination ports: 62 / 62
-------------------------------------------------------------------------
Offset:              3.588ns (Levels of Logic = 1)
  Source:            options (PAD)
  Destination:       U2/money_0 (FF)
  Destination Clock: sign_clock_end rising

  Data Path: options to U2/money_0
                                Gate     Net
    Cell:in->out      fanout   Delay   Delay  Logical Name (Net Name)
    ----------------------------------------  ------------
     IBUF:I->O           190   1.222   2.044  options_IBUF (options_IBUF)
     FDE:CE                    0.322          U2/money_0
    ----------------------------------------
    Total                      3.588ns (1.544ns logic, 2.044ns route)
                                       (43.0% logic, 57.0% route)

=========================================================================
Timing constraint: Default OFFSET IN BEFORE for Clock 'sign_clock_hundreds'
  Total number of paths / destination ports: 62 / 62
-------------------------------------------------------------------------
Offset:              5.179ns (Levels of Logic = 2)
  Source:            options (PAD)
  Destination:       U2/count_clock1_0 (FF)
  Destination Clock: sign_clock_hundreds rising

  Data Path: options to U2/count_clock1_0
                                Gate     Net
    Cell:in->out      fanout   Delay   Delay  Logical Name (Net Name)
    ----------------------------------------  ------------
     IBUF:I->O           190   1.222   2.044  options_IBUF (options_IBUF)
     INV:I->O             31   0.206   1.277  options_inv1_INV_0 (options_inv)
     FDCE:CLR                  0.430          U2/count_clock1_0
    ----------------------------------------
    Total                      5.179ns (1.858ns logic, 3.321ns route)
                                       (35.9% logic, 64.1% route)

=========================================================================
Timing constraint: Default OFFSET IN BEFORE for Clock 'sign_clock_zecimals'
  Total number of paths / destination ports: 62 / 62
-------------------------------------------------------------------------
Offset:              5.590ns (Levels of Logic = 3)
  Source:            options (PAD)
  Destination:       U2/count_clock0_0 (FF)
  Destination Clock: sign_clock_zecimals rising

  Data Path: options to U2/count_clock0_0
                                Gate     Net
    Cell:in->out      fanout   Delay   Delay  Logical Name (Net Name)
    ----------------------------------------  ------------
     IBUF:I->O           190   1.222   2.045  options_IBUF (options_IBUF)
     LUT1:I0->O            1   0.205   0.000  U2/GND_46_o_options_OR_152_o1_cy_rt (U2/GND_46_o_options_OR_152_o1_cy_rt)
     MUXCY:S->O           31   0.411   1.277  U2/GND_46_o_options_OR_152_o1_cy (U2/GND_46_o_options_OR_152_o)
     FDCE:CLR                  0.430          U2/count_clock0_0
    ----------------------------------------
    Total                      5.590ns (2.268ns logic, 3.322ns route)
                                       (40.6% logic, 59.4% route)

=========================================================================
Timing constraint: Default OFFSET IN BEFORE for Clock 'okpin_OBUF'
  Total number of paths / destination ports: 159 / 4
-------------------------------------------------------------------------
Offset:              6.750ns (Levels of Logic = 5)
  Source:            pin<0> (PAD)
  Destination:       U1/index_of_client_0 (LATCH)
  Destination Clock: okpin_OBUF falling

  Data Path: pin<0> to U1/index_of_client_0
                                Gate     Net
    Cell:in->out      fanout   Delay   Delay  Logical Name (Net Name)
    ----------------------------------------  ------------
     IBUF:I->O           139   1.222   2.208  pin_0_IBUF (pin_0_IBUF)
     LUT3:I0->O           34   0.205   1.549  U3/Mmux_pin[2]_sum[4][30]_wide_mux_92_OUT1131 (U3/Mmux_pin[2]_sum[4][30]_wide_mux_92_OUT113)
     LUT5:I2->O            2   0.205   0.981  U1/Mmux_index_of_client[31]_index_of_client[31]_MUX_104_o2581 (U1/Mmux_index_of_client[31]_index_of_client[31]_MUX_104_o258)
     LUT6:I0->O            1   0.203   0.000  U1/Mmux_index_of_client[31]_index_of_client[31]_MUX_104_o2583_G (N136)
     MUXF7:I1->O           1   0.140   0.000  U1/Mmux_index_of_client[31]_index_of_client[31]_MUX_104_o2583 (U1/index_of_client[31]_index_of_client[31]_MUX_510_o)
     LD:D                      0.037          U1/index_of_client_0
    ----------------------------------------
    Total                      6.750ns (2.012ns logic, 4.738ns route)
                                       (29.8% logic, 70.2% route)

=========================================================================
Timing constraint: Default OFFSET IN BEFORE for Clock 'U3/options_pin[2]_AND_2080_o'
  Total number of paths / destination ports: 31 / 1
-------------------------------------------------------------------------
Offset:              9.730ns (Levels of Logic = 5)
  Source:            pin<1> (PAD)
  Destination:       U3/remained_money_2_LDC (LATCH)
  Destination Clock: U3/options_pin[2]_AND_2080_o falling

  Data Path: pin<1> to U3/remained_money_2_LDC
                                Gate     Net
    Cell:in->out      fanout   Delay   Delay  Logical Name (Net Name)
    ----------------------------------------  ------------
     IBUF:I->O           109   1.222   2.129  pin_1_IBUF (pin_1_IBUF)
     LUT3:I0->O           34   0.205   1.568  U3/Mmux_pin[2]_sum[4][30]_wide_mux_92_OUT1141 (U3/Mmux_pin[2]_sum[4][30]_wide_mux_92_OUT114)
     LUT5:I1->O            4   0.203   1.048  U1/Mmux_index_of_client[31]_index_of_client[31]_MUX_104_o25621 (U1/Mmux_index_of_client[31]_index_of_client[31]_MUX_104_o2562)
     LUT6:I0->O           69   0.203   1.901  U1/ok_pin3 (okpin_OBUF)
     LUT5:I2->O            2   0.205   0.616  U3/options_pin[2]_AND_2081_o1 (U3/options_pin[2]_AND_2081_o)
     LDC:CLR                   0.430          U3/remained_money_2_LDC
    ----------------------------------------
    Total                      9.730ns (2.468ns logic, 7.262ns route)
                                       (25.4% logic, 74.6% route)

=========================================================================
Timing constraint: Default OFFSET IN BEFORE for Clock 'U3/options_pin[2]_AND_2084_o'
  Total number of paths / destination ports: 31 / 1
-------------------------------------------------------------------------
Offset:              9.730ns (Levels of Logic = 5)
  Source:            pin<1> (PAD)
  Destination:       U3/remained_money_0_LDC (LATCH)
  Destination Clock: U3/options_pin[2]_AND_2084_o falling

  Data Path: pin<1> to U3/remained_money_0_LDC
                                Gate     Net
    Cell:in->out      fanout   Delay   Delay  Logical Name (Net Name)
    ----------------------------------------  ------------
     IBUF:I->O           109   1.222   2.129  pin_1_IBUF (pin_1_IBUF)
     LUT3:I0->O           34   0.205   1.568  U3/Mmux_pin[2]_sum[4][30]_wide_mux_92_OUT1141 (U3/Mmux_pin[2]_sum[4][30]_wide_mux_92_OUT114)
     LUT5:I1->O            4   0.203   1.048  U1/Mmux_index_of_client[31]_index_of_client[31]_MUX_104_o25621 (U1/Mmux_index_of_client[31]_index_of_client[31]_MUX_104_o2562)
     LUT6:I0->O           69   0.203   1.901  U1/ok_pin3 (okpin_OBUF)
     LUT5:I2->O            2   0.205   0.616  U3/options_pin[2]_AND_2085_o1 (U3/options_pin[2]_AND_2085_o)
     LDC:CLR                   0.430          U3/remained_money_0_LDC
    ----------------------------------------
    Total                      9.730ns (2.468ns logic, 7.262ns route)
                                       (25.4% logic, 74.6% route)

=========================================================================
Timing constraint: Default OFFSET IN BEFORE for Clock 'U3/options_pin[2]_AND_2082_o'
  Total number of paths / destination ports: 31 / 1
-------------------------------------------------------------------------
Offset:              9.730ns (Levels of Logic = 5)
  Source:            pin<1> (PAD)
  Destination:       U3/remained_money_1_LDC (LATCH)
  Destination Clock: U3/options_pin[2]_AND_2082_o falling

  Data Path: pin<1> to U3/remained_money_1_LDC
                                Gate     Net
    Cell:in->out      fanout   Delay   Delay  Logical Name (Net Name)
    ----------------------------------------  ------------
     IBUF:I->O           109   1.222   2.129  pin_1_IBUF (pin_1_IBUF)
     LUT3:I0->O           34   0.205   1.568  U3/Mmux_pin[2]_sum[4][30]_wide_mux_92_OUT1141 (U3/Mmux_pin[2]_sum[4][30]_wide_mux_92_OUT114)
     LUT5:I1->O            4   0.203   1.048  U1/Mmux_index_of_client[31]_index_of_client[31]_MUX_104_o25621 (U1/Mmux_index_of_client[31]_index_of_client[31]_MUX_104_o2562)
     LUT6:I0->O           69   0.203   1.901  U1/ok_pin3 (okpin_OBUF)
     LUT5:I2->O            2   0.205   0.616  U3/options_pin[2]_AND_2083_o1 (U3/options_pin[2]_AND_2083_o)
     LDC:CLR                   0.430          U3/remained_money_1_LDC
    ----------------------------------------
    Total                      9.730ns (2.468ns logic, 7.262ns route)
                                       (25.4% logic, 74.6% route)

=========================================================================
Timing constraint: Default OFFSET IN BEFORE for Clock 'U3/options_pin[2]_AND_2076_o'
  Total number of paths / destination ports: 31 / 1
-------------------------------------------------------------------------
Offset:              9.730ns (Levels of Logic = 5)
  Source:            pin<1> (PAD)
  Destination:       U3/remained_money_4_LDC (LATCH)
  Destination Clock: U3/options_pin[2]_AND_2076_o falling

  Data Path: pin<1> to U3/remained_money_4_LDC
                                Gate     Net
    Cell:in->out      fanout   Delay   Delay  Logical Name (Net Name)
    ----------------------------------------  ------------
     IBUF:I->O           109   1.222   2.129  pin_1_IBUF (pin_1_IBUF)
     LUT3:I0->O           34   0.205   1.568  U3/Mmux_pin[2]_sum[4][30]_wide_mux_92_OUT1141 (U3/Mmux_pin[2]_sum[4][30]_wide_mux_92_OUT114)
     LUT5:I1->O            4   0.203   1.048  U1/Mmux_index_of_client[31]_index_of_client[31]_MUX_104_o25621 (U1/Mmux_index_of_client[31]_index_of_client[31]_MUX_104_o2562)
     LUT6:I0->O           69   0.203   1.901  U1/ok_pin3 (okpin_OBUF)
     LUT5:I2->O            2   0.205   0.616  U3/options_pin[2]_AND_2077_o1 (U3/options_pin[2]_AND_2077_o)
     LDC:CLR                   0.430          U3/remained_money_4_LDC
    ----------------------------------------
    Total                      9.730ns (2.468ns logic, 7.262ns route)
                                       (25.4% logic, 74.6% route)

=========================================================================
Timing constraint: Default OFFSET IN BEFORE for Clock 'U3/options_pin[2]_AND_2074_o'
  Total number of paths / destination ports: 31 / 1
-------------------------------------------------------------------------
Offset:              9.730ns (Levels of Logic = 5)
  Source:            pin<1> (PAD)
  Destination:       U3/remained_money_5_LDC (LATCH)
  Destination Clock: U3/options_pin[2]_AND_2074_o falling

  Data Path: pin<1> to U3/remained_money_5_LDC
                                Gate     Net
    Cell:in->out      fanout   Delay   Delay  Logical Name (Net Name)
    ----------------------------------------  ------------
     IBUF:I->O           109   1.222   2.129  pin_1_IBUF (pin_1_IBUF)
     LUT3:I0->O           34   0.205   1.568  U3/Mmux_pin[2]_sum[4][30]_wide_mux_92_OUT1141 (U3/Mmux_pin[2]_sum[4][30]_wide_mux_92_OUT114)
     LUT5:I1->O            4   0.203   1.048  U1/Mmux_index_of_client[31]_index_of_client[31]_MUX_104_o25621 (U1/Mmux_index_of_client[31]_index_of_client[31]_MUX_104_o2562)
     LUT6:I0->O           69   0.203   1.901  U1/ok_pin3 (okpin_OBUF)
     LUT5:I2->O            2   0.205   0.616  U3/options_pin[2]_AND_2075_o1 (U3/options_pin[2]_AND_2075_o)
     LDC:CLR                   0.430          U3/remained_money_5_LDC
    ----------------------------------------
    Total                      9.730ns (2.468ns logic, 7.262ns route)
                                       (25.4% logic, 74.6% route)

=========================================================================
Timing constraint: Default OFFSET IN BEFORE for Clock 'U3/options_pin[2]_AND_2072_o'
  Total number of paths / destination ports: 31 / 1
-------------------------------------------------------------------------
Offset:              9.730ns (Levels of Logic = 5)
  Source:            pin<1> (PAD)
  Destination:       U3/remained_money_6_LDC (LATCH)
  Destination Clock: U3/options_pin[2]_AND_2072_o falling

  Data Path: pin<1> to U3/remained_money_6_LDC
                                Gate     Net
    Cell:in->out      fanout   Delay   Delay  Logical Name (Net Name)
    ----------------------------------------  ------------
     IBUF:I->O           109   1.222   2.129  pin_1_IBUF (pin_1_IBUF)
     LUT3:I0->O           34   0.205   1.568  U3/Mmux_pin[2]_sum[4][30]_wide_mux_92_OUT1141 (U3/Mmux_pin[2]_sum[4][30]_wide_mux_92_OUT114)
     LUT5:I1->O            4   0.203   1.048  U1/Mmux_index_of_client[31]_index_of_client[31]_MUX_104_o25621 (U1/Mmux_index_of_client[31]_index_of_client[31]_MUX_104_o2562)
     LUT6:I0->O           69   0.203   1.901  U1/ok_pin3 (okpin_OBUF)
     LUT5:I2->O            2   0.205   0.616  U3/options_pin[2]_AND_2073_o1 (U3/options_pin[2]_AND_2073_o)
     LDC:CLR                   0.430          U3/remained_money_6_LDC
    ----------------------------------------
    Total                      9.730ns (2.468ns logic, 7.262ns route)
                                       (25.4% logic, 74.6% route)

=========================================================================
Timing constraint: Default OFFSET IN BEFORE for Clock 'U3/options_pin[2]_AND_2066_o'
  Total number of paths / destination ports: 31 / 1
-------------------------------------------------------------------------
Offset:              9.730ns (Levels of Logic = 5)
  Source:            pin<1> (PAD)
  Destination:       U3/remained_money_9_LDC (LATCH)
  Destination Clock: U3/options_pin[2]_AND_2066_o falling

  Data Path: pin<1> to U3/remained_money_9_LDC
                                Gate     Net
    Cell:in->out      fanout   Delay   Delay  Logical Name (Net Name)
    ----------------------------------------  ------------
     IBUF:I->O           109   1.222   2.129  pin_1_IBUF (pin_1_IBUF)
     LUT3:I0->O           34   0.205   1.568  U3/Mmux_pin[2]_sum[4][30]_wide_mux_92_OUT1141 (U3/Mmux_pin[2]_sum[4][30]_wide_mux_92_OUT114)
     LUT5:I1->O            4   0.203   1.048  U1/Mmux_index_of_client[31]_index_of_client[31]_MUX_104_o25621 (U1/Mmux_index_of_client[31]_index_of_client[31]_MUX_104_o2562)
     LUT6:I0->O           69   0.203   1.901  U1/ok_pin3 (okpin_OBUF)
     LUT5:I2->O            2   0.205   0.616  U3/options_pin[2]_AND_2067_o1 (U3/options_pin[2]_AND_2067_o)
     LDC:CLR                   0.430          U3/remained_money_9_LDC
    ----------------------------------------
    Total                      9.730ns (2.468ns logic, 7.262ns route)
                                       (25.4% logic, 74.6% route)

=========================================================================
Timing constraint: Default OFFSET IN BEFORE for Clock 'U3/options_pin[2]_AND_2070_o'
  Total number of paths / destination ports: 31 / 1
-------------------------------------------------------------------------
Offset:              9.730ns (Levels of Logic = 5)
  Source:            pin<1> (PAD)
  Destination:       U3/remained_money_7_LDC (LATCH)
  Destination Clock: U3/options_pin[2]_AND_2070_o falling

  Data Path: pin<1> to U3/remained_money_7_LDC
                                Gate     Net
    Cell:in->out      fanout   Delay   Delay  Logical Name (Net Name)
    ----------------------------------------  ------------
     IBUF:I->O           109   1.222   2.129  pin_1_IBUF (pin_1_IBUF)
     LUT3:I0->O           34   0.205   1.568  U3/Mmux_pin[2]_sum[4][30]_wide_mux_92_OUT1141 (U3/Mmux_pin[2]_sum[4][30]_wide_mux_92_OUT114)
     LUT5:I1->O            4   0.203   1.048  U1/Mmux_index_of_client[31]_index_of_client[31]_MUX_104_o25621 (U1/Mmux_index_of_client[31]_index_of_client[31]_MUX_104_o2562)
     LUT6:I0->O           69   0.203   1.901  U1/ok_pin3 (okpin_OBUF)
     LUT5:I2->O            2   0.205   0.616  U3/options_pin[2]_AND_2071_o1 (U3/options_pin[2]_AND_2071_o)
     LDC:CLR                   0.430          U3/remained_money_7_LDC
    ----------------------------------------
    Total                      9.730ns (2.468ns logic, 7.262ns route)
                                       (25.4% logic, 74.6% route)

=========================================================================
Timing constraint: Default OFFSET IN BEFORE for Clock 'U3/options_pin[2]_AND_2068_o'
  Total number of paths / destination ports: 31 / 1
-------------------------------------------------------------------------
Offset:              9.730ns (Levels of Logic = 5)
  Source:            pin<1> (PAD)
  Destination:       U3/remained_money_8_LDC (LATCH)
  Destination Clock: U3/options_pin[2]_AND_2068_o falling

  Data Path: pin<1> to U3/remained_money_8_LDC
                                Gate     Net
    Cell:in->out      fanout   Delay   Delay  Logical Name (Net Name)
    ----------------------------------------  ------------
     IBUF:I->O           109   1.222   2.129  pin_1_IBUF (pin_1_IBUF)
     LUT3:I0->O           34   0.205   1.568  U3/Mmux_pin[2]_sum[4][30]_wide_mux_92_OUT1141 (U3/Mmux_pin[2]_sum[4][30]_wide_mux_92_OUT114)
     LUT5:I1->O            4   0.203   1.048  U1/Mmux_index_of_client[31]_index_of_client[31]_MUX_104_o25621 (U1/Mmux_index_of_client[31]_index_of_client[31]_MUX_104_o2562)
     LUT6:I0->O           69   0.203   1.901  U1/ok_pin3 (okpin_OBUF)
     LUT5:I2->O            2   0.205   0.616  U3/options_pin[2]_AND_2069_o1 (U3/options_pin[2]_AND_2069_o)
     LDC:CLR                   0.430          U3/remained_money_8_LDC
    ----------------------------------------
    Total                      9.730ns (2.468ns logic, 7.262ns route)
                                       (25.4% logic, 74.6% route)

=========================================================================
Timing constraint: Default OFFSET IN BEFORE for Clock 'U3/options_pin[2]_AND_2064_o'
  Total number of paths / destination ports: 31 / 1
-------------------------------------------------------------------------
Offset:              9.730ns (Levels of Logic = 5)
  Source:            pin<1> (PAD)
  Destination:       U3/remained_money_10_LDC (LATCH)
  Destination Clock: U3/options_pin[2]_AND_2064_o falling

  Data Path: pin<1> to U3/remained_money_10_LDC
                                Gate     Net
    Cell:in->out      fanout   Delay   Delay  Logical Name (Net Name)
    ----------------------------------------  ------------
     IBUF:I->O           109   1.222   2.129  pin_1_IBUF (pin_1_IBUF)
     LUT3:I0->O           34   0.205   1.568  U3/Mmux_pin[2]_sum[4][30]_wide_mux_92_OUT1141 (U3/Mmux_pin[2]_sum[4][30]_wide_mux_92_OUT114)
     LUT5:I1->O            4   0.203   1.048  U1/Mmux_index_of_client[31]_index_of_client[31]_MUX_104_o25621 (U1/Mmux_index_of_client[31]_index_of_client[31]_MUX_104_o2562)
     LUT6:I0->O           69   0.203   1.901  U1/ok_pin3 (okpin_OBUF)
     LUT5:I2->O            2   0.205   0.616  U3/options_pin[2]_AND_2065_o1 (U3/options_pin[2]_AND_2065_o)
     LDC:CLR                   0.430          U3/remained_money_10_LDC
    ----------------------------------------
    Total                      9.730ns (2.468ns logic, 7.262ns route)
                                       (25.4% logic, 74.6% route)

=========================================================================
Timing constraint: Default OFFSET IN BEFORE for Clock 'U3/options_pin[2]_AND_2062_o'
  Total number of paths / destination ports: 31 / 1
-------------------------------------------------------------------------
Offset:              9.730ns (Levels of Logic = 5)
  Source:            pin<1> (PAD)
  Destination:       U3/remained_money_11_LDC (LATCH)
  Destination Clock: U3/options_pin[2]_AND_2062_o falling

  Data Path: pin<1> to U3/remained_money_11_LDC
                                Gate     Net
    Cell:in->out      fanout   Delay   Delay  Logical Name (Net Name)
    ----------------------------------------  ------------
     IBUF:I->O           109   1.222   2.129  pin_1_IBUF (pin_1_IBUF)
     LUT3:I0->O           34   0.205   1.568  U3/Mmux_pin[2]_sum[4][30]_wide_mux_92_OUT1141 (U3/Mmux_pin[2]_sum[4][30]_wide_mux_92_OUT114)
     LUT5:I1->O            4   0.203   1.048  U1/Mmux_index_of_client[31]_index_of_client[31]_MUX_104_o25621 (U1/Mmux_index_of_client[31]_index_of_client[31]_MUX_104_o2562)
     LUT6:I0->O           69   0.203   1.901  U1/ok_pin3 (okpin_OBUF)
     LUT5:I2->O            2   0.205   0.616  U3/options_pin[2]_AND_2063_o1 (U3/options_pin[2]_AND_2063_o)
     LDC:CLR                   0.430          U3/remained_money_11_LDC
    ----------------------------------------
    Total                      9.730ns (2.468ns logic, 7.262ns route)
                                       (25.4% logic, 74.6% route)

=========================================================================
Timing constraint: Default OFFSET IN BEFORE for Clock 'U3/options_pin[2]_AND_2060_o'
  Total number of paths / destination ports: 31 / 1
-------------------------------------------------------------------------
Offset:              9.730ns (Levels of Logic = 5)
  Source:            pin<1> (PAD)
  Destination:       U3/remained_money_12_LDC (LATCH)
  Destination Clock: U3/options_pin[2]_AND_2060_o falling

  Data Path: pin<1> to U3/remained_money_12_LDC
                                Gate     Net
    Cell:in->out      fanout   Delay   Delay  Logical Name (Net Name)
    ----------------------------------------  ------------
     IBUF:I->O           109   1.222   2.129  pin_1_IBUF (pin_1_IBUF)
     LUT3:I0->O           34   0.205   1.568  U3/Mmux_pin[2]_sum[4][30]_wide_mux_92_OUT1141 (U3/Mmux_pin[2]_sum[4][30]_wide_mux_92_OUT114)
     LUT5:I1->O            4   0.203   1.048  U1/Mmux_index_of_client[31]_index_of_client[31]_MUX_104_o25621 (U1/Mmux_index_of_client[31]_index_of_client[31]_MUX_104_o2562)
     LUT6:I0->O           69   0.203   1.901  U1/ok_pin3 (okpin_OBUF)
     LUT5:I2->O            2   0.205   0.616  U3/options_pin[2]_AND_2061_o1 (U3/options_pin[2]_AND_2061_o)
     LDC:CLR                   0.430          U3/remained_money_12_LDC
    ----------------------------------------
    Total                      9.730ns (2.468ns logic, 7.262ns route)
                                       (25.4% logic, 74.6% route)

=========================================================================
Timing constraint: Default OFFSET IN BEFORE for Clock 'U3/options_pin[2]_AND_2058_o'
  Total number of paths / destination ports: 31 / 1
-------------------------------------------------------------------------
Offset:              9.730ns (Levels of Logic = 5)
  Source:            pin<1> (PAD)
  Destination:       U3/remained_money_13_LDC (LATCH)
  Destination Clock: U3/options_pin[2]_AND_2058_o falling

  Data Path: pin<1> to U3/remained_money_13_LDC
                                Gate     Net
    Cell:in->out      fanout   Delay   Delay  Logical Name (Net Name)
    ----------------------------------------  ------------
     IBUF:I->O           109   1.222   2.129  pin_1_IBUF (pin_1_IBUF)
     LUT3:I0->O           34   0.205   1.568  U3/Mmux_pin[2]_sum[4][30]_wide_mux_92_OUT1141 (U3/Mmux_pin[2]_sum[4][30]_wide_mux_92_OUT114)
     LUT5:I1->O            4   0.203   1.048  U1/Mmux_index_of_client[31]_index_of_client[31]_MUX_104_o25621 (U1/Mmux_index_of_client[31]_index_of_client[31]_MUX_104_o2562)
     LUT6:I0->O           69   0.203   1.901  U1/ok_pin3 (okpin_OBUF)
     LUT5:I2->O            2   0.205   0.616  U3/options_pin[2]_AND_2059_o1 (U3/options_pin[2]_AND_2059_o)
     LDC:CLR                   0.430          U3/remained_money_13_LDC
    ----------------------------------------
    Total                      9.730ns (2.468ns logic, 7.262ns route)
                                       (25.4% logic, 74.6% route)

=========================================================================
Timing constraint: Default OFFSET IN BEFORE for Clock 'U3/options_pin[2]_AND_2052_o'
  Total number of paths / destination ports: 31 / 1
-------------------------------------------------------------------------
Offset:              9.730ns (Levels of Logic = 5)
  Source:            pin<1> (PAD)
  Destination:       U3/remained_money_16_LDC (LATCH)
  Destination Clock: U3/options_pin[2]_AND_2052_o falling

  Data Path: pin<1> to U3/remained_money_16_LDC
                                Gate     Net
    Cell:in->out      fanout   Delay   Delay  Logical Name (Net Name)
    ----------------------------------------  ------------
     IBUF:I->O           109   1.222   2.129  pin_1_IBUF (pin_1_IBUF)
     LUT3:I0->O           34   0.205   1.568  U3/Mmux_pin[2]_sum[4][30]_wide_mux_92_OUT1141 (U3/Mmux_pin[2]_sum[4][30]_wide_mux_92_OUT114)
     LUT5:I1->O            4   0.203   1.048  U1/Mmux_index_of_client[31]_index_of_client[31]_MUX_104_o25621 (U1/Mmux_index_of_client[31]_index_of_client[31]_MUX_104_o2562)
     LUT6:I0->O           69   0.203   1.901  U1/ok_pin3 (okpin_OBUF)
     LUT5:I2->O            2   0.205   0.616  U3/options_pin[2]_AND_2053_o1 (U3/options_pin[2]_AND_2053_o)
     LDC:CLR                   0.430          U3/remained_money_16_LDC
    ----------------------------------------
    Total                      9.730ns (2.468ns logic, 7.262ns route)
                                       (25.4% logic, 74.6% route)

=========================================================================
Timing constraint: Default OFFSET IN BEFORE for Clock 'U3/options_pin[2]_AND_2056_o'
  Total number of paths / destination ports: 31 / 1
-------------------------------------------------------------------------
Offset:              9.730ns (Levels of Logic = 5)
  Source:            pin<1> (PAD)
  Destination:       U3/remained_money_14_LDC (LATCH)
  Destination Clock: U3/options_pin[2]_AND_2056_o falling

  Data Path: pin<1> to U3/remained_money_14_LDC
                                Gate     Net
    Cell:in->out      fanout   Delay   Delay  Logical Name (Net Name)
    ----------------------------------------  ------------
     IBUF:I->O           109   1.222   2.129  pin_1_IBUF (pin_1_IBUF)
     LUT3:I0->O           34   0.205   1.568  U3/Mmux_pin[2]_sum[4][30]_wide_mux_92_OUT1141 (U3/Mmux_pin[2]_sum[4][30]_wide_mux_92_OUT114)
     LUT5:I1->O            4   0.203   1.048  U1/Mmux_index_of_client[31]_index_of_client[31]_MUX_104_o25621 (U1/Mmux_index_of_client[31]_index_of_client[31]_MUX_104_o2562)
     LUT6:I0->O           69   0.203   1.901  U1/ok_pin3 (okpin_OBUF)
     LUT5:I2->O            2   0.205   0.616  U3/options_pin[2]_AND_2057_o1 (U3/options_pin[2]_AND_2057_o)
     LDC:CLR                   0.430          U3/remained_money_14_LDC
    ----------------------------------------
    Total                      9.730ns (2.468ns logic, 7.262ns route)
                                       (25.4% logic, 74.6% route)

=========================================================================
Timing constraint: Default OFFSET IN BEFORE for Clock 'U3/options_pin[2]_AND_2054_o'
  Total number of paths / destination ports: 31 / 1
-------------------------------------------------------------------------
Offset:              9.730ns (Levels of Logic = 5)
  Source:            pin<1> (PAD)
  Destination:       U3/remained_money_15_LDC (LATCH)
  Destination Clock: U3/options_pin[2]_AND_2054_o falling

  Data Path: pin<1> to U3/remained_money_15_LDC
                                Gate     Net
    Cell:in->out      fanout   Delay   Delay  Logical Name (Net Name)
    ----------------------------------------  ------------
     IBUF:I->O           109   1.222   2.129  pin_1_IBUF (pin_1_IBUF)
     LUT3:I0->O           34   0.205   1.568  U3/Mmux_pin[2]_sum[4][30]_wide_mux_92_OUT1141 (U3/Mmux_pin[2]_sum[4][30]_wide_mux_92_OUT114)
     LUT5:I1->O            4   0.203   1.048  U1/Mmux_index_of_client[31]_index_of_client[31]_MUX_104_o25621 (U1/Mmux_index_of_client[31]_index_of_client[31]_MUX_104_o2562)
     LUT6:I0->O           69   0.203   1.901  U1/ok_pin3 (okpin_OBUF)
     LUT5:I2->O            2   0.205   0.616  U3/options_pin[2]_AND_2055_o1 (U3/options_pin[2]_AND_2055_o)
     LDC:CLR                   0.430          U3/remained_money_15_LDC
    ----------------------------------------
    Total                      9.730ns (2.468ns logic, 7.262ns route)
                                       (25.4% logic, 74.6% route)

=========================================================================
Timing constraint: Default OFFSET IN BEFORE for Clock 'U3/options_pin[2]_AND_2046_o'
  Total number of paths / destination ports: 31 / 1
-------------------------------------------------------------------------
Offset:              9.730ns (Levels of Logic = 5)
  Source:            pin<1> (PAD)
  Destination:       U3/remained_money_19_LDC (LATCH)
  Destination Clock: U3/options_pin[2]_AND_2046_o falling

  Data Path: pin<1> to U3/remained_money_19_LDC
                                Gate     Net
    Cell:in->out      fanout   Delay   Delay  Logical Name (Net Name)
    ----------------------------------------  ------------
     IBUF:I->O           109   1.222   2.129  pin_1_IBUF (pin_1_IBUF)
     LUT3:I0->O           34   0.205   1.568  U3/Mmux_pin[2]_sum[4][30]_wide_mux_92_OUT1141 (U3/Mmux_pin[2]_sum[4][30]_wide_mux_92_OUT114)
     LUT5:I1->O            4   0.203   1.048  U1/Mmux_index_of_client[31]_index_of_client[31]_MUX_104_o25621 (U1/Mmux_index_of_client[31]_index_of_client[31]_MUX_104_o2562)
     LUT6:I0->O           69   0.203   1.901  U1/ok_pin3 (okpin_OBUF)
     LUT5:I2->O            2   0.205   0.616  U3/options_pin[2]_AND_2047_o1 (U3/options_pin[2]_AND_2047_o)
     LDC:CLR                   0.430          U3/remained_money_19_LDC
    ----------------------------------------
    Total                      9.730ns (2.468ns logic, 7.262ns route)
                                       (25.4% logic, 74.6% route)

=========================================================================
Timing constraint: Default OFFSET IN BEFORE for Clock 'U3/options_pin[2]_AND_2050_o'
  Total number of paths / destination ports: 31 / 1
-------------------------------------------------------------------------
Offset:              9.730ns (Levels of Logic = 5)
  Source:            pin<1> (PAD)
  Destination:       U3/remained_money_17_LDC (LATCH)
  Destination Clock: U3/options_pin[2]_AND_2050_o falling

  Data Path: pin<1> to U3/remained_money_17_LDC
                                Gate     Net
    Cell:in->out      fanout   Delay   Delay  Logical Name (Net Name)
    ----------------------------------------  ------------
     IBUF:I->O           109   1.222   2.129  pin_1_IBUF (pin_1_IBUF)
     LUT3:I0->O           34   0.205   1.568  U3/Mmux_pin[2]_sum[4][30]_wide_mux_92_OUT1141 (U3/Mmux_pin[2]_sum[4][30]_wide_mux_92_OUT114)
     LUT5:I1->O            4   0.203   1.048  U1/Mmux_index_of_client[31]_index_of_client[31]_MUX_104_o25621 (U1/Mmux_index_of_client[31]_index_of_client[31]_MUX_104_o2562)
     LUT6:I0->O           69   0.203   1.901  U1/ok_pin3 (okpin_OBUF)
     LUT5:I2->O            2   0.205   0.616  U3/options_pin[2]_AND_2051_o1 (U3/options_pin[2]_AND_2051_o)
     LDC:CLR                   0.430          U3/remained_money_17_LDC
    ----------------------------------------
    Total                      9.730ns (2.468ns logic, 7.262ns route)
                                       (25.4% logic, 74.6% route)

=========================================================================
Timing constraint: Default OFFSET IN BEFORE for Clock 'U3/options_pin[2]_AND_2048_o'
  Total number of paths / destination ports: 31 / 1
-------------------------------------------------------------------------
Offset:              9.730ns (Levels of Logic = 5)
  Source:            pin<1> (PAD)
  Destination:       U3/remained_money_18_LDC (LATCH)
  Destination Clock: U3/options_pin[2]_AND_2048_o falling

  Data Path: pin<1> to U3/remained_money_18_LDC
                                Gate     Net
    Cell:in->out      fanout   Delay   Delay  Logical Name (Net Name)
    ----------------------------------------  ------------
     IBUF:I->O           109   1.222   2.129  pin_1_IBUF (pin_1_IBUF)
     LUT3:I0->O           34   0.205   1.568  U3/Mmux_pin[2]_sum[4][30]_wide_mux_92_OUT1141 (U3/Mmux_pin[2]_sum[4][30]_wide_mux_92_OUT114)
     LUT5:I1->O            4   0.203   1.048  U1/Mmux_index_of_client[31]_index_of_client[31]_MUX_104_o25621 (U1/Mmux_index_of_client[31]_index_of_client[31]_MUX_104_o2562)
     LUT6:I0->O           69   0.203   1.901  U1/ok_pin3 (okpin_OBUF)
     LUT5:I2->O            2   0.205   0.616  U3/options_pin[2]_AND_2049_o1 (U3/options_pin[2]_AND_2049_o)
     LDC:CLR                   0.430          U3/remained_money_18_LDC
    ----------------------------------------
    Total                      9.730ns (2.468ns logic, 7.262ns route)
                                       (25.4% logic, 74.6% route)

=========================================================================
Timing constraint: Default OFFSET IN BEFORE for Clock 'U3/options_pin[2]_AND_2040_o'
  Total number of paths / destination ports: 31 / 1
-------------------------------------------------------------------------
Offset:              9.730ns (Levels of Logic = 5)
  Source:            pin<1> (PAD)
  Destination:       U3/remained_money_22_LDC (LATCH)
  Destination Clock: U3/options_pin[2]_AND_2040_o falling

  Data Path: pin<1> to U3/remained_money_22_LDC
                                Gate     Net
    Cell:in->out      fanout   Delay   Delay  Logical Name (Net Name)
    ----------------------------------------  ------------
     IBUF:I->O           109   1.222   2.129  pin_1_IBUF (pin_1_IBUF)
     LUT3:I0->O           34   0.205   1.568  U3/Mmux_pin[2]_sum[4][30]_wide_mux_92_OUT1141 (U3/Mmux_pin[2]_sum[4][30]_wide_mux_92_OUT114)
     LUT5:I1->O            4   0.203   1.048  U1/Mmux_index_of_client[31]_index_of_client[31]_MUX_104_o25621 (U1/Mmux_index_of_client[31]_index_of_client[31]_MUX_104_o2562)
     LUT6:I0->O           69   0.203   1.901  U1/ok_pin3 (okpin_OBUF)
     LUT5:I2->O            2   0.205   0.616  U3/options_pin[2]_AND_2041_o1 (U3/options_pin[2]_AND_2041_o)
     LDC:CLR                   0.430          U3/remained_money_22_LDC
    ----------------------------------------
    Total                      9.730ns (2.468ns logic, 7.262ns route)
                                       (25.4% logic, 74.6% route)

=========================================================================
Timing constraint: Default OFFSET IN BEFORE for Clock 'U3/options_pin[2]_AND_2044_o'
  Total number of paths / destination ports: 31 / 1
-------------------------------------------------------------------------
Offset:              9.730ns (Levels of Logic = 5)
  Source:            pin<1> (PAD)
  Destination:       U3/remained_money_20_LDC (LATCH)
  Destination Clock: U3/options_pin[2]_AND_2044_o falling

  Data Path: pin<1> to U3/remained_money_20_LDC
                                Gate     Net
    Cell:in->out      fanout   Delay   Delay  Logical Name (Net Name)
    ----------------------------------------  ------------
     IBUF:I->O           109   1.222   2.129  pin_1_IBUF (pin_1_IBUF)
     LUT3:I0->O           34   0.205   1.568  U3/Mmux_pin[2]_sum[4][30]_wide_mux_92_OUT1141 (U3/Mmux_pin[2]_sum[4][30]_wide_mux_92_OUT114)
     LUT5:I1->O            4   0.203   1.048  U1/Mmux_index_of_client[31]_index_of_client[31]_MUX_104_o25621 (U1/Mmux_index_of_client[31]_index_of_client[31]_MUX_104_o2562)
     LUT6:I0->O           69   0.203   1.901  U1/ok_pin3 (okpin_OBUF)
     LUT5:I2->O            2   0.205   0.616  U3/options_pin[2]_AND_2045_o1 (U3/options_pin[2]_AND_2045_o)
     LDC:CLR                   0.430          U3/remained_money_20_LDC
    ----------------------------------------
    Total                      9.730ns (2.468ns logic, 7.262ns route)
                                       (25.4% logic, 74.6% route)

=========================================================================
Timing constraint: Default OFFSET IN BEFORE for Clock 'U3/options_pin[2]_AND_2042_o'
  Total number of paths / destination ports: 31 / 1
-------------------------------------------------------------------------
Offset:              9.730ns (Levels of Logic = 5)
  Source:            pin<1> (PAD)
  Destination:       U3/remained_money_21_LDC (LATCH)
  Destination Clock: U3/options_pin[2]_AND_2042_o falling

  Data Path: pin<1> to U3/remained_money_21_LDC
                                Gate     Net
    Cell:in->out      fanout   Delay   Delay  Logical Name (Net Name)
    ----------------------------------------  ------------
     IBUF:I->O           109   1.222   2.129  pin_1_IBUF (pin_1_IBUF)
     LUT3:I0->O           34   0.205   1.568  U3/Mmux_pin[2]_sum[4][30]_wide_mux_92_OUT1141 (U3/Mmux_pin[2]_sum[4][30]_wide_mux_92_OUT114)
     LUT5:I1->O            4   0.203   1.048  U1/Mmux_index_of_client[31]_index_of_client[31]_MUX_104_o25621 (U1/Mmux_index_of_client[31]_index_of_client[31]_MUX_104_o2562)
     LUT6:I0->O           69   0.203   1.901  U1/ok_pin3 (okpin_OBUF)
     LUT5:I2->O            2   0.205   0.616  U3/options_pin[2]_AND_2043_o1 (U3/options_pin[2]_AND_2043_o)
     LDC:CLR                   0.430          U3/remained_money_21_LDC
    ----------------------------------------
    Total                      9.730ns (2.468ns logic, 7.262ns route)
                                       (25.4% logic, 74.6% route)

=========================================================================
Timing constraint: Default OFFSET IN BEFORE for Clock 'U3/options_pin[2]_AND_2038_o'
  Total number of paths / destination ports: 31 / 1
-------------------------------------------------------------------------
Offset:              9.730ns (Levels of Logic = 5)
  Source:            pin<1> (PAD)
  Destination:       U3/remained_money_23_LDC (LATCH)
  Destination Clock: U3/options_pin[2]_AND_2038_o falling

  Data Path: pin<1> to U3/remained_money_23_LDC
                                Gate     Net
    Cell:in->out      fanout   Delay   Delay  Logical Name (Net Name)
    ----------------------------------------  ------------
     IBUF:I->O           109   1.222   2.129  pin_1_IBUF (pin_1_IBUF)
     LUT3:I0->O           34   0.205   1.568  U3/Mmux_pin[2]_sum[4][30]_wide_mux_92_OUT1141 (U3/Mmux_pin[2]_sum[4][30]_wide_mux_92_OUT114)
     LUT5:I1->O            4   0.203   1.048  U1/Mmux_index_of_client[31]_index_of_client[31]_MUX_104_o25621 (U1/Mmux_index_of_client[31]_index_of_client[31]_MUX_104_o2562)
     LUT6:I0->O           69   0.203   1.901  U1/ok_pin3 (okpin_OBUF)
     LUT5:I2->O            2   0.205   0.616  U3/options_pin[2]_AND_2039_o1 (U3/options_pin[2]_AND_2039_o)
     LDC:CLR                   0.430          U3/remained_money_23_LDC
    ----------------------------------------
    Total                      9.730ns (2.468ns logic, 7.262ns route)
                                       (25.4% logic, 74.6% route)

=========================================================================
Timing constraint: Default OFFSET IN BEFORE for Clock 'U3/options_pin[2]_AND_2036_o'
  Total number of paths / destination ports: 31 / 1
-------------------------------------------------------------------------
Offset:              9.730ns (Levels of Logic = 5)
  Source:            pin<1> (PAD)
  Destination:       U3/remained_money_24_LDC (LATCH)
  Destination Clock: U3/options_pin[2]_AND_2036_o falling

  Data Path: pin<1> to U3/remained_money_24_LDC
                                Gate     Net
    Cell:in->out      fanout   Delay   Delay  Logical Name (Net Name)
    ----------------------------------------  ------------
     IBUF:I->O           109   1.222   2.129  pin_1_IBUF (pin_1_IBUF)
     LUT3:I0->O           34   0.205   1.568  U3/Mmux_pin[2]_sum[4][30]_wide_mux_92_OUT1141 (U3/Mmux_pin[2]_sum[4][30]_wide_mux_92_OUT114)
     LUT5:I1->O            4   0.203   1.048  U1/Mmux_index_of_client[31]_index_of_client[31]_MUX_104_o25621 (U1/Mmux_index_of_client[31]_index_of_client[31]_MUX_104_o2562)
     LUT6:I0->O           69   0.203   1.901  U1/ok_pin3 (okpin_OBUF)
     LUT5:I2->O            2   0.205   0.616  U3/options_pin[2]_AND_2037_o1 (U3/options_pin[2]_AND_2037_o)
     LDC:CLR                   0.430          U3/remained_money_24_LDC
    ----------------------------------------
    Total                      9.730ns (2.468ns logic, 7.262ns route)
                                       (25.4% logic, 74.6% route)

=========================================================================
Timing constraint: Default OFFSET IN BEFORE for Clock 'U3/options_pin[2]_AND_2034_o'
  Total number of paths / destination ports: 31 / 1
-------------------------------------------------------------------------
Offset:              9.730ns (Levels of Logic = 5)
  Source:            pin<1> (PAD)
  Destination:       U3/remained_money_25_LDC (LATCH)
  Destination Clock: U3/options_pin[2]_AND_2034_o falling

  Data Path: pin<1> to U3/remained_money_25_LDC
                                Gate     Net
    Cell:in->out      fanout   Delay   Delay  Logical Name (Net Name)
    ----------------------------------------  ------------
     IBUF:I->O           109   1.222   2.129  pin_1_IBUF (pin_1_IBUF)
     LUT3:I0->O           34   0.205   1.568  U3/Mmux_pin[2]_sum[4][30]_wide_mux_92_OUT1141 (U3/Mmux_pin[2]_sum[4][30]_wide_mux_92_OUT114)
     LUT5:I1->O            4   0.203   1.048  U1/Mmux_index_of_client[31]_index_of_client[31]_MUX_104_o25621 (U1/Mmux_index_of_client[31]_index_of_client[31]_MUX_104_o2562)
     LUT6:I0->O           69   0.203   1.901  U1/ok_pin3 (okpin_OBUF)
     LUT5:I2->O            2   0.205   0.616  U3/options_pin[2]_AND_2035_o1 (U3/options_pin[2]_AND_2035_o)
     LDC:CLR                   0.430          U3/remained_money_25_LDC
    ----------------------------------------
    Total                      9.730ns (2.468ns logic, 7.262ns route)
                                       (25.4% logic, 74.6% route)

=========================================================================
Timing constraint: Default OFFSET IN BEFORE for Clock 'U3/options_pin[2]_AND_2032_o'
  Total number of paths / destination ports: 31 / 1
-------------------------------------------------------------------------
Offset:              9.730ns (Levels of Logic = 5)
  Source:            pin<1> (PAD)
  Destination:       U3/remained_money_26_LDC (LATCH)
  Destination Clock: U3/options_pin[2]_AND_2032_o falling

  Data Path: pin<1> to U3/remained_money_26_LDC
                                Gate     Net
    Cell:in->out      fanout   Delay   Delay  Logical Name (Net Name)
    ----------------------------------------  ------------
     IBUF:I->O           109   1.222   2.129  pin_1_IBUF (pin_1_IBUF)
     LUT3:I0->O           34   0.205   1.568  U3/Mmux_pin[2]_sum[4][30]_wide_mux_92_OUT1141 (U3/Mmux_pin[2]_sum[4][30]_wide_mux_92_OUT114)
     LUT5:I1->O            4   0.203   1.048  U1/Mmux_index_of_client[31]_index_of_client[31]_MUX_104_o25621 (U1/Mmux_index_of_client[31]_index_of_client[31]_MUX_104_o2562)
     LUT6:I0->O           69   0.203   1.901  U1/ok_pin3 (okpin_OBUF)
     LUT5:I2->O            2   0.205   0.616  U3/options_pin[2]_AND_2033_o1 (U3/options_pin[2]_AND_2033_o)
     LDC:CLR                   0.430          U3/remained_money_26_LDC
    ----------------------------------------
    Total                      9.730ns (2.468ns logic, 7.262ns route)
                                       (25.4% logic, 74.6% route)

=========================================================================
Timing constraint: Default OFFSET IN BEFORE for Clock 'U3/options_pin[2]_AND_2026_o'
  Total number of paths / destination ports: 31 / 1
-------------------------------------------------------------------------
Offset:              9.730ns (Levels of Logic = 5)
  Source:            pin<1> (PAD)
  Destination:       U3/remained_money_29_LDC (LATCH)
  Destination Clock: U3/options_pin[2]_AND_2026_o falling

  Data Path: pin<1> to U3/remained_money_29_LDC
                                Gate     Net
    Cell:in->out      fanout   Delay   Delay  Logical Name (Net Name)
    ----------------------------------------  ------------
     IBUF:I->O           109   1.222   2.129  pin_1_IBUF (pin_1_IBUF)
     LUT3:I0->O           34   0.205   1.568  U3/Mmux_pin[2]_sum[4][30]_wide_mux_92_OUT1141 (U3/Mmux_pin[2]_sum[4][30]_wide_mux_92_OUT114)
     LUT5:I1->O            4   0.203   1.048  U1/Mmux_index_of_client[31]_index_of_client[31]_MUX_104_o25621 (U1/Mmux_index_of_client[31]_index_of_client[31]_MUX_104_o2562)
     LUT6:I0->O           69   0.203   1.901  U1/ok_pin3 (okpin_OBUF)
     LUT5:I2->O            2   0.205   0.616  U3/options_pin[2]_AND_2027_o1 (U3/options_pin[2]_AND_2027_o)
     LDC:CLR                   0.430          U3/remained_money_29_LDC
    ----------------------------------------
    Total                      9.730ns (2.468ns logic, 7.262ns route)
                                       (25.4% logic, 74.6% route)

=========================================================================
Timing constraint: Default OFFSET IN BEFORE for Clock 'U3/options_pin[2]_AND_2030_o'
  Total number of paths / destination ports: 31 / 1
-------------------------------------------------------------------------
Offset:              9.730ns (Levels of Logic = 5)
  Source:            pin<1> (PAD)
  Destination:       U3/remained_money_27_LDC (LATCH)
  Destination Clock: U3/options_pin[2]_AND_2030_o falling

  Data Path: pin<1> to U3/remained_money_27_LDC
                                Gate     Net
    Cell:in->out      fanout   Delay   Delay  Logical Name (Net Name)
    ----------------------------------------  ------------
     IBUF:I->O           109   1.222   2.129  pin_1_IBUF (pin_1_IBUF)
     LUT3:I0->O           34   0.205   1.568  U3/Mmux_pin[2]_sum[4][30]_wide_mux_92_OUT1141 (U3/Mmux_pin[2]_sum[4][30]_wide_mux_92_OUT114)
     LUT5:I1->O            4   0.203   1.048  U1/Mmux_index_of_client[31]_index_of_client[31]_MUX_104_o25621 (U1/Mmux_index_of_client[31]_index_of_client[31]_MUX_104_o2562)
     LUT6:I0->O           69   0.203   1.901  U1/ok_pin3 (okpin_OBUF)
     LUT5:I2->O            2   0.205   0.616  U3/options_pin[2]_AND_2031_o1 (U3/options_pin[2]_AND_2031_o)
     LDC:CLR                   0.430          U3/remained_money_27_LDC
    ----------------------------------------
    Total                      9.730ns (2.468ns logic, 7.262ns route)
                                       (25.4% logic, 74.6% route)

=========================================================================
Timing constraint: Default OFFSET IN BEFORE for Clock 'U3/options_pin[2]_AND_2028_o'
  Total number of paths / destination ports: 31 / 1
-------------------------------------------------------------------------
Offset:              9.730ns (Levels of Logic = 5)
  Source:            pin<1> (PAD)
  Destination:       U3/remained_money_28_LDC (LATCH)
  Destination Clock: U3/options_pin[2]_AND_2028_o falling

  Data Path: pin<1> to U3/remained_money_28_LDC
                                Gate     Net
    Cell:in->out      fanout   Delay   Delay  Logical Name (Net Name)
    ----------------------------------------  ------------
     IBUF:I->O           109   1.222   2.129  pin_1_IBUF (pin_1_IBUF)
     LUT3:I0->O           34   0.205   1.568  U3/Mmux_pin[2]_sum[4][30]_wide_mux_92_OUT1141 (U3/Mmux_pin[2]_sum[4][30]_wide_mux_92_OUT114)
     LUT5:I1->O            4   0.203   1.048  U1/Mmux_index_of_client[31]_index_of_client[31]_MUX_104_o25621 (U1/Mmux_index_of_client[31]_index_of_client[31]_MUX_104_o2562)
     LUT6:I0->O           69   0.203   1.901  U1/ok_pin3 (okpin_OBUF)
     LUT5:I2->O            2   0.205   0.616  U3/options_pin[2]_AND_2029_o1 (U3/options_pin[2]_AND_2029_o)
     LDC:CLR                   0.430          U3/remained_money_28_LDC
    ----------------------------------------
    Total                      9.730ns (2.468ns logic, 7.262ns route)
                                       (25.4% logic, 74.6% route)

=========================================================================
Timing constraint: Default OFFSET IN BEFORE for Clock 'U3/options_pin[2]_AND_2024_o'
  Total number of paths / destination ports: 31 / 1
-------------------------------------------------------------------------
Offset:              9.730ns (Levels of Logic = 5)
  Source:            pin<1> (PAD)
  Destination:       U3/remained_money_30_LDC (LATCH)
  Destination Clock: U3/options_pin[2]_AND_2024_o falling

  Data Path: pin<1> to U3/remained_money_30_LDC
                                Gate     Net
    Cell:in->out      fanout   Delay   Delay  Logical Name (Net Name)
    ----------------------------------------  ------------
     IBUF:I->O           109   1.222   2.129  pin_1_IBUF (pin_1_IBUF)
     LUT3:I0->O           34   0.205   1.568  U3/Mmux_pin[2]_sum[4][30]_wide_mux_92_OUT1141 (U3/Mmux_pin[2]_sum[4][30]_wide_mux_92_OUT114)
     LUT5:I1->O            4   0.203   1.048  U1/Mmux_index_of_client[31]_index_of_client[31]_MUX_104_o25621 (U1/Mmux_index_of_client[31]_index_of_client[31]_MUX_104_o2562)
     LUT6:I0->O           69   0.203   1.901  U1/ok_pin3 (okpin_OBUF)
     LUT5:I2->O            2   0.205   0.616  U3/options_pin[2]_AND_2025_o1 (U3/options_pin[2]_AND_2025_o)
     LDC:CLR                   0.430          U3/remained_money_30_LDC
    ----------------------------------------
    Total                      9.730ns (2.468ns logic, 7.262ns route)
                                       (25.4% logic, 74.6% route)

=========================================================================
Timing constraint: Default OFFSET IN BEFORE for Clock 'U3/options_pin[2]_AND_2078_o'
  Total number of paths / destination ports: 31 / 1
-------------------------------------------------------------------------
Offset:              9.730ns (Levels of Logic = 5)
  Source:            pin<1> (PAD)
  Destination:       U3/remained_money_3_LDC (LATCH)
  Destination Clock: U3/options_pin[2]_AND_2078_o falling

  Data Path: pin<1> to U3/remained_money_3_LDC
                                Gate     Net
    Cell:in->out      fanout   Delay   Delay  Logical Name (Net Name)
    ----------------------------------------  ------------
     IBUF:I->O           109   1.222   2.129  pin_1_IBUF (pin_1_IBUF)
     LUT3:I0->O           34   0.205   1.568  U3/Mmux_pin[2]_sum[4][30]_wide_mux_92_OUT1141 (U3/Mmux_pin[2]_sum[4][30]_wide_mux_92_OUT114)
     LUT5:I1->O            4   0.203   1.048  U1/Mmux_index_of_client[31]_index_of_client[31]_MUX_104_o25621 (U1/Mmux_index_of_client[31]_index_of_client[31]_MUX_104_o2562)
     LUT6:I0->O           69   0.203   1.901  U1/ok_pin3 (okpin_OBUF)
     LUT5:I2->O            2   0.205   0.616  U3/options_pin[2]_AND_2079_o1 (U3/options_pin[2]_AND_2079_o)
     LDC:CLR                   0.430          U3/remained_money_3_LDC
    ----------------------------------------
    Total                      9.730ns (2.468ns logic, 7.262ns route)
                                       (25.4% logic, 74.6% route)

=========================================================================
Timing constraint: Default OFFSET IN BEFORE for Clock 'debounce_actualizare/Divide/CLK0'
  Total number of paths / destination ports: 4 / 4
-------------------------------------------------------------------------
Offset:              1.903ns (Levels of Logic = 1)
  Source:            actualization (PAD)
  Destination:       debounce_actualizare/D0/Q (FF)
  Destination Clock: debounce_actualizare/Divide/CLK0 rising

  Data Path: actualization to debounce_actualizare/D0/Q
                                Gate     Net
    Cell:in->out      fanout   Delay   Delay  Logical Name (Net Name)
    ----------------------------------------  ------------
     IBUF:I->O             1   1.222   0.579  actualization_IBUF (actualization_IBUF)
     FD:D                      0.102          debounce_actualizare/D0/Q
    ----------------------------------------
    Total                      1.903ns (1.324ns logic, 0.579ns route)
                                       (69.6% logic, 30.4% route)

=========================================================================
Timing constraint: Default OFFSET OUT AFTER for Clock 'sign_clock_end'
  Total number of paths / destination ports: 336 / 32
-------------------------------------------------------------------------
Offset:              9.951ns (Levels of Logic = 21)
  Source:            U2/money_0 (FF)
  Destination:       ok (PAD)
  Source Clock:      sign_clock_end rising

  Data Path: U2/money_0 to ok
                                Gate     Net
    Cell:in->out      fanout   Delay   Delay  Logical Name (Net Name)
    ----------------------------------------  ------------
     FDE:C->Q             15   0.447   1.210  U2/money_0 (U2/money_0)
     LUT4:I1->O            1   0.205   0.000  U3/Mcompar_eliberate_amountOfmoney[30]_sum[3][30]_LessThan_10_o_lut<0> (U3/Mcompar_eliberate_amountOfmoney[30]_sum[3][30]_LessThan_10_o_lut<0>)
     MUXCY:S->O            1   0.172   0.000  U3/Mcompar_eliberate_amountOfmoney[30]_sum[3][30]_LessThan_10_o_cy<0> (U3/Mcompar_eliberate_amountOfmoney[30]_sum[3][30]_LessThan_10_o_cy<0>)
     MUXCY:CI->O           1   0.019   0.000  U3/Mcompar_eliberate_amountOfmoney[30]_sum[3][30]_LessThan_10_o_cy<1> (U3/Mcompar_eliberate_amountOfmoney[30]_sum[3][30]_LessThan_10_o_cy<1>)
     MUXCY:CI->O           1   0.019   0.000  U3/Mcompar_eliberate_amountOfmoney[30]_sum[3][30]_LessThan_10_o_cy<2> (U3/Mcompar_eliberate_amountOfmoney[30]_sum[3][30]_LessThan_10_o_cy<2>)
     MUXCY:CI->O           1   0.019   0.000  U3/Mcompar_eliberate_amountOfmoney[30]_sum[3][30]_LessThan_10_o_cy<3> (U3/Mcompar_eliberate_amountOfmoney[30]_sum[3][30]_LessThan_10_o_cy<3>)
     MUXCY:CI->O           1   0.019   0.000  U3/Mcompar_eliberate_amountOfmoney[30]_sum[3][30]_LessThan_10_o_cy<4> (U3/Mcompar_eliberate_amountOfmoney[30]_sum[3][30]_LessThan_10_o_cy<4>)
     MUXCY:CI->O           1   0.019   0.000  U3/Mcompar_eliberate_amountOfmoney[30]_sum[3][30]_LessThan_10_o_cy<5> (U3/Mcompar_eliberate_amountOfmoney[30]_sum[3][30]_LessThan_10_o_cy<5>)
     MUXCY:CI->O           1   0.019   0.000  U3/Mcompar_eliberate_amountOfmoney[30]_sum[3][30]_LessThan_10_o_cy<6> (U3/Mcompar_eliberate_amountOfmoney[30]_sum[3][30]_LessThan_10_o_cy<6>)
     MUXCY:CI->O           1   0.019   0.000  U3/Mcompar_eliberate_amountOfmoney[30]_sum[3][30]_LessThan_10_o_cy<7> (U3/Mcompar_eliberate_amountOfmoney[30]_sum[3][30]_LessThan_10_o_cy<7>)
     MUXCY:CI->O           1   0.019   0.000  U3/Mcompar_eliberate_amountOfmoney[30]_sum[3][30]_LessThan_10_o_cy<8> (U3/Mcompar_eliberate_amountOfmoney[30]_sum[3][30]_LessThan_10_o_cy<8>)
     MUXCY:CI->O           1   0.019   0.000  U3/Mcompar_eliberate_amountOfmoney[30]_sum[3][30]_LessThan_10_o_cy<9> (U3/Mcompar_eliberate_amountOfmoney[30]_sum[3][30]_LessThan_10_o_cy<9>)
     MUXCY:CI->O           1   0.019   0.000  U3/Mcompar_eliberate_amountOfmoney[30]_sum[3][30]_LessThan_10_o_cy<10> (U3/Mcompar_eliberate_amountOfmoney[30]_sum[3][30]_LessThan_10_o_cy<10>)
     MUXCY:CI->O           1   0.019   0.000  U3/Mcompar_eliberate_amountOfmoney[30]_sum[3][30]_LessThan_10_o_cy<11> (U3/Mcompar_eliberate_amountOfmoney[30]_sum[3][30]_LessThan_10_o_cy<11>)
     MUXCY:CI->O           1   0.019   0.000  U3/Mcompar_eliberate_amountOfmoney[30]_sum[3][30]_LessThan_10_o_cy<12> (U3/Mcompar_eliberate_amountOfmoney[30]_sum[3][30]_LessThan_10_o_cy<12>)
     MUXCY:CI->O           1   0.019   0.000  U3/Mcompar_eliberate_amountOfmoney[30]_sum[3][30]_LessThan_10_o_cy<13> (U3/Mcompar_eliberate_amountOfmoney[30]_sum[3][30]_LessThan_10_o_cy<13>)
     MUXCY:CI->O          32   0.213   1.520  U3/Mcompar_eliberate_amountOfmoney[30]_sum[3][30]_LessThan_10_o_cy<14> (U3/Mcompar_eliberate_amountOfmoney[30]_sum[3][30]_LessThan_10_o_cy<14>)
     LUT3:I0->O            1   0.205   0.808  U3/Mcompar_eliberate_amountOfmoney[30]_sum[3][30]_LessThan_10_o_cy<15> (U3/Mcompar_eliberate_amountOfmoney[30]_sum[3][30]_LessThan_10_o_cy<15>)
     LUT5:I2->O            1   0.205   0.580  U3/Mmux_okmoney21 (U3/Mmux_okmoney2)
     LUT6:I5->O            1   0.205   0.580  U3/Mmux_okmoney22 (U3/Mmux_okmoney21)
     LUT6:I5->O            1   0.205   0.579  U3/Mmux_okmoney23 (ok_OBUF)
     OBUF:I->O                 2.571          ok_OBUF (ok)
    ----------------------------------------
    Total                      9.951ns (4.675ns logic, 5.276ns route)
                                       (47.0% logic, 53.0% route)

=========================================================================
Timing constraint: Default OFFSET OUT AFTER for Clock 'sign_actualization'
  Total number of paths / destination ports: 70041485 / 39
-------------------------------------------------------------------------
Offset:              23.173ns (Levels of Logic = 17)
  Source:            U3/remained_money_13_P_13 (FF)
  Destination:       a_to_g<5> (PAD)
  Source Clock:      sign_actualization rising

  Data Path: U3/remained_money_13_P_13 to a_to_g<5>
                                Gate     Net
    Cell:in->out      fanout   Delay   Delay  Logical Name (Net Name)
    ----------------------------------------  ------------
     FDP:C->Q              2   0.447   0.845  U3/remained_money_13_P_13 (U3/remained_money_13_P_13)
     LUT3:I0->O           10   0.205   1.201  U3/remained_money_131 (U3/remained_money_13)
     LUT5:I0->O           10   0.203   1.104  GND_5_o_GND_5_o_LessThan_19_o1 (Madd_GND_5_o_GND_5_o_add_29_OUT_cy<0>)
     LUT6:I2->O            8   0.203   0.803  Mmux_GND_5_o_GND_5_o_MUX_681_o11 (Madd_GND_5_o_GND_5_o_add_37_OUT_cy<0>)
     LUT6:I5->O           14   0.205   1.186  Mmux_GND_5_o_GND_5_o_MUX_701_o11 (Madd_GND_5_o_GND_5_o_add_47_OUT_cy<0>)
     LUT5:I2->O            3   0.205   0.995  Mmux_GND_5_o_GND_5_o_MUX_701_o111 (Madd_GND_5_o_GND_5_o_add_45_OUT_lut<3>)
     LUT5:I0->O            3   0.203   1.015  Mmux_GND_5_o_GND_5_o_MUX_717_o111 (Madd_GND_5_o_GND_5_o_add_53_OUT_lut<3>)
     LUT6:I0->O            9   0.203   0.830  Mmux_GND_5_o_GND_5_o_MUX_733_o12 (Madd_GND_5_o_GND_5_o_add_63_OUT_cy<0>)
     LUT6:I5->O           12   0.205   1.156  Mmux_GND_5_o_GND_5_o_MUX_753_o11 (Madd_n0353_Madd_cy<0>)
     LUT5:I1->O            3   0.203   0.995  Mmux_GND_5_o_GND_5_o_MUX_753_o121 (Madd_GND_5_o_GND_5_o_add_71_OUT_lut<2>)
     LUT5:I0->O            6   0.203   1.089  GND_5_o_GND_5_o_LessThan_71_o1 (GND_5_o_GND_5_o_LessThan_71_o)
     LUT6:I1->O            6   0.203   1.089  GND_5_o_GND_5_o_LessThan_79_o1 (GND_5_o_GND_5_o_LessThan_79_o)
     LUT6:I1->O            7   0.203   1.118  GND_5_o_GND_5_o_LessThan_87_o1 (GND_5_o_GND_5_o_LessThan_87_o)
     LUT6:I1->O            4   0.203   1.048  GND_5_o_GND_5_o_LessThan_95_o1 (GND_5_o_GND_5_o_LessThan_95_o)
     LUT6:I0->O            1   0.203   0.827  U5/Mmux_digit<2>12 (U5/Mmux_digit<2>11)
     LUT6:I2->O            7   0.203   1.021  U5/Mmux_digit<2>15 (U5/digit<2>)
     LUT4:I0->O            1   0.203   0.579  U5/Mram_a_to_g51 (a_to_g_5_OBUF)
     OBUF:I->O                 2.571          a_to_g_5_OBUF (a_to_g<5>)
    ----------------------------------------
    Total                     23.173ns (6.274ns logic, 16.899ns route)
                                       (27.1% logic, 72.9% route)

=========================================================================
Timing constraint: Default OFFSET OUT AFTER for Clock 'U3/options_pin[2]_AND_2024_o'
  Total number of paths / destination ports: 1 / 1
-------------------------------------------------------------------------
Offset:              4.542ns (Levels of Logic = 2)
  Source:            U3/remained_money_30_LDC (LATCH)
  Destination:       remained_money<30> (PAD)
  Source Clock:      U3/options_pin[2]_AND_2024_o falling

  Data Path: U3/remained_money_30_LDC to remained_money<30>
                                Gate     Net
    Cell:in->out      fanout   Delay   Delay  Logical Name (Net Name)
    ----------------------------------------  ------------
     LDC:G->Q              2   0.498   0.617  U3/remained_money_30_LDC (U3/remained_money_30_LDC)
     LUT3:I2->O            3   0.205   0.650  U3/remained_money_301 (U3/remained_money_30)
     OBUF:I->O                 2.571          remained_money_30_OBUF (remained_money<30>)
    ----------------------------------------
    Total                      4.542ns (3.274ns logic, 1.267ns route)
                                       (72.1% logic, 27.9% route)

=========================================================================
Timing constraint: Default OFFSET OUT AFTER for Clock 'U3/options_pin[2]_AND_2026_o'
  Total number of paths / destination ports: 1 / 1
-------------------------------------------------------------------------
Offset:              4.542ns (Levels of Logic = 2)
  Source:            U3/remained_money_29_LDC (LATCH)
  Destination:       remained_money<29> (PAD)
  Source Clock:      U3/options_pin[2]_AND_2026_o falling

  Data Path: U3/remained_money_29_LDC to remained_money<29>
                                Gate     Net
    Cell:in->out      fanout   Delay   Delay  Logical Name (Net Name)
    ----------------------------------------  ------------
     LDC:G->Q              2   0.498   0.617  U3/remained_money_29_LDC (U3/remained_money_29_LDC)
     LUT3:I2->O            3   0.205   0.650  U3/remained_money_291 (U3/remained_money_29)
     OBUF:I->O                 2.571          remained_money_29_OBUF (remained_money<29>)
    ----------------------------------------
    Total                      4.542ns (3.274ns logic, 1.267ns route)
                                       (72.1% logic, 27.9% route)

=========================================================================
Timing constraint: Default OFFSET OUT AFTER for Clock 'U3/options_pin[2]_AND_2028_o'
  Total number of paths / destination ports: 1 / 1
-------------------------------------------------------------------------
Offset:              4.542ns (Levels of Logic = 2)
  Source:            U3/remained_money_28_LDC (LATCH)
  Destination:       remained_money<28> (PAD)
  Source Clock:      U3/options_pin[2]_AND_2028_o falling

  Data Path: U3/remained_money_28_LDC to remained_money<28>
                                Gate     Net
    Cell:in->out      fanout   Delay   Delay  Logical Name (Net Name)
    ----------------------------------------  ------------
     LDC:G->Q              2   0.498   0.617  U3/remained_money_28_LDC (U3/remained_money_28_LDC)
     LUT3:I2->O            3   0.205   0.650  U3/remained_money_281 (U3/remained_money_28)
     OBUF:I->O                 2.571          remained_money_28_OBUF (remained_money<28>)
    ----------------------------------------
    Total                      4.542ns (3.274ns logic, 1.267ns route)
                                       (72.1% logic, 27.9% route)

=========================================================================
Timing constraint: Default OFFSET OUT AFTER for Clock 'U3/options_pin[2]_AND_2030_o'
  Total number of paths / destination ports: 1 / 1
-------------------------------------------------------------------------
Offset:              4.542ns (Levels of Logic = 2)
  Source:            U3/remained_money_27_LDC (LATCH)
  Destination:       remained_money<27> (PAD)
  Source Clock:      U3/options_pin[2]_AND_2030_o falling

  Data Path: U3/remained_money_27_LDC to remained_money<27>
                                Gate     Net
    Cell:in->out      fanout   Delay   Delay  Logical Name (Net Name)
    ----------------------------------------  ------------
     LDC:G->Q              2   0.498   0.617  U3/remained_money_27_LDC (U3/remained_money_27_LDC)
     LUT3:I2->O            3   0.205   0.650  U3/remained_money_271 (U3/remained_money_27)
     OBUF:I->O                 2.571          remained_money_27_OBUF (remained_money<27>)
    ----------------------------------------
    Total                      4.542ns (3.274ns logic, 1.267ns route)
                                       (72.1% logic, 27.9% route)

=========================================================================
Timing constraint: Default OFFSET OUT AFTER for Clock 'U3/options_pin[2]_AND_2032_o'
  Total number of paths / destination ports: 1 / 1
-------------------------------------------------------------------------
Offset:              4.542ns (Levels of Logic = 2)
  Source:            U3/remained_money_26_LDC (LATCH)
  Destination:       remained_money<26> (PAD)
  Source Clock:      U3/options_pin[2]_AND_2032_o falling

  Data Path: U3/remained_money_26_LDC to remained_money<26>
                                Gate     Net
    Cell:in->out      fanout   Delay   Delay  Logical Name (Net Name)
    ----------------------------------------  ------------
     LDC:G->Q              2   0.498   0.617  U3/remained_money_26_LDC (U3/remained_money_26_LDC)
     LUT3:I2->O            3   0.205   0.650  U3/remained_money_261 (U3/remained_money_26)
     OBUF:I->O                 2.571          remained_money_26_OBUF (remained_money<26>)
    ----------------------------------------
    Total                      4.542ns (3.274ns logic, 1.267ns route)
                                       (72.1% logic, 27.9% route)

=========================================================================
Timing constraint: Default OFFSET OUT AFTER for Clock 'U3/options_pin[2]_AND_2034_o'
  Total number of paths / destination ports: 1 / 1
-------------------------------------------------------------------------
Offset:              4.542ns (Levels of Logic = 2)
  Source:            U3/remained_money_25_LDC (LATCH)
  Destination:       remained_money<25> (PAD)
  Source Clock:      U3/options_pin[2]_AND_2034_o falling

  Data Path: U3/remained_money_25_LDC to remained_money<25>
                                Gate     Net
    Cell:in->out      fanout   Delay   Delay  Logical Name (Net Name)
    ----------------------------------------  ------------
     LDC:G->Q              2   0.498   0.617  U3/remained_money_25_LDC (U3/remained_money_25_LDC)
     LUT3:I2->O            3   0.205   0.650  U3/remained_money_251 (U3/remained_money_25)
     OBUF:I->O                 2.571          remained_money_25_OBUF (remained_money<25>)
    ----------------------------------------
    Total                      4.542ns (3.274ns logic, 1.267ns route)
                                       (72.1% logic, 27.9% route)

=========================================================================
Timing constraint: Default OFFSET OUT AFTER for Clock 'U3/options_pin[2]_AND_2036_o'
  Total number of paths / destination ports: 1 / 1
-------------------------------------------------------------------------
Offset:              4.542ns (Levels of Logic = 2)
  Source:            U3/remained_money_24_LDC (LATCH)
  Destination:       remained_money<24> (PAD)
  Source Clock:      U3/options_pin[2]_AND_2036_o falling

  Data Path: U3/remained_money_24_LDC to remained_money<24>
                                Gate     Net
    Cell:in->out      fanout   Delay   Delay  Logical Name (Net Name)
    ----------------------------------------  ------------
     LDC:G->Q              2   0.498   0.617  U3/remained_money_24_LDC (U3/remained_money_24_LDC)
     LUT3:I2->O            3   0.205   0.650  U3/remained_money_241 (U3/remained_money_24)
     OBUF:I->O                 2.571          remained_money_24_OBUF (remained_money<24>)
    ----------------------------------------
    Total                      4.542ns (3.274ns logic, 1.267ns route)
                                       (72.1% logic, 27.9% route)

=========================================================================
Timing constraint: Default OFFSET OUT AFTER for Clock 'U3/options_pin[2]_AND_2038_o'
  Total number of paths / destination ports: 1 / 1
-------------------------------------------------------------------------
Offset:              4.542ns (Levels of Logic = 2)
  Source:            U3/remained_money_23_LDC (LATCH)
  Destination:       remained_money<23> (PAD)
  Source Clock:      U3/options_pin[2]_AND_2038_o falling

  Data Path: U3/remained_money_23_LDC to remained_money<23>
                                Gate     Net
    Cell:in->out      fanout   Delay   Delay  Logical Name (Net Name)
    ----------------------------------------  ------------
     LDC:G->Q              2   0.498   0.617  U3/remained_money_23_LDC (U3/remained_money_23_LDC)
     LUT3:I2->O            3   0.205   0.650  U3/remained_money_231 (U3/remained_money_23)
     OBUF:I->O                 2.571          remained_money_23_OBUF (remained_money<23>)
    ----------------------------------------
    Total                      4.542ns (3.274ns logic, 1.267ns route)
                                       (72.1% logic, 27.9% route)

=========================================================================
Timing constraint: Default OFFSET OUT AFTER for Clock 'U3/options_pin[2]_AND_2040_o'
  Total number of paths / destination ports: 1 / 1
-------------------------------------------------------------------------
Offset:              4.542ns (Levels of Logic = 2)
  Source:            U3/remained_money_22_LDC (LATCH)
  Destination:       remained_money<22> (PAD)
  Source Clock:      U3/options_pin[2]_AND_2040_o falling

  Data Path: U3/remained_money_22_LDC to remained_money<22>
                                Gate     Net
    Cell:in->out      fanout   Delay   Delay  Logical Name (Net Name)
    ----------------------------------------  ------------
     LDC:G->Q              2   0.498   0.617  U3/remained_money_22_LDC (U3/remained_money_22_LDC)
     LUT3:I2->O            3   0.205   0.650  U3/remained_money_221 (U3/remained_money_22)
     OBUF:I->O                 2.571          remained_money_22_OBUF (remained_money<22>)
    ----------------------------------------
    Total                      4.542ns (3.274ns logic, 1.267ns route)
                                       (72.1% logic, 27.9% route)

=========================================================================
Timing constraint: Default OFFSET OUT AFTER for Clock 'U3/options_pin[2]_AND_2042_o'
  Total number of paths / destination ports: 1 / 1
-------------------------------------------------------------------------
Offset:              4.542ns (Levels of Logic = 2)
  Source:            U3/remained_money_21_LDC (LATCH)
  Destination:       remained_money<21> (PAD)
  Source Clock:      U3/options_pin[2]_AND_2042_o falling

  Data Path: U3/remained_money_21_LDC to remained_money<21>
                                Gate     Net
    Cell:in->out      fanout   Delay   Delay  Logical Name (Net Name)
    ----------------------------------------  ------------
     LDC:G->Q              2   0.498   0.617  U3/remained_money_21_LDC (U3/remained_money_21_LDC)
     LUT3:I2->O            3   0.205   0.650  U3/remained_money_211 (U3/remained_money_21)
     OBUF:I->O                 2.571          remained_money_21_OBUF (remained_money<21>)
    ----------------------------------------
    Total                      4.542ns (3.274ns logic, 1.267ns route)
                                       (72.1% logic, 27.9% route)

=========================================================================
Timing constraint: Default OFFSET OUT AFTER for Clock 'U3/options_pin[2]_AND_2044_o'
  Total number of paths / destination ports: 1 / 1
-------------------------------------------------------------------------
Offset:              4.542ns (Levels of Logic = 2)
  Source:            U3/remained_money_20_LDC (LATCH)
  Destination:       remained_money<20> (PAD)
  Source Clock:      U3/options_pin[2]_AND_2044_o falling

  Data Path: U3/remained_money_20_LDC to remained_money<20>
                                Gate     Net
    Cell:in->out      fanout   Delay   Delay  Logical Name (Net Name)
    ----------------------------------------  ------------
     LDC:G->Q              2   0.498   0.617  U3/remained_money_20_LDC (U3/remained_money_20_LDC)
     LUT3:I2->O            3   0.205   0.650  U3/remained_money_201 (U3/remained_money_20)
     OBUF:I->O                 2.571          remained_money_20_OBUF (remained_money<20>)
    ----------------------------------------
    Total                      4.542ns (3.274ns logic, 1.267ns route)
                                       (72.1% logic, 27.9% route)

=========================================================================
Timing constraint: Default OFFSET OUT AFTER for Clock 'U3/options_pin[2]_AND_2046_o'
  Total number of paths / destination ports: 1 / 1
-------------------------------------------------------------------------
Offset:              4.542ns (Levels of Logic = 2)
  Source:            U3/remained_money_19_LDC (LATCH)
  Destination:       remained_money<19> (PAD)
  Source Clock:      U3/options_pin[2]_AND_2046_o falling

  Data Path: U3/remained_money_19_LDC to remained_money<19>
                                Gate     Net
    Cell:in->out      fanout   Delay   Delay  Logical Name (Net Name)
    ----------------------------------------  ------------
     LDC:G->Q              2   0.498   0.617  U3/remained_money_19_LDC (U3/remained_money_19_LDC)
     LUT3:I2->O            3   0.205   0.650  U3/remained_money_191 (U3/remained_money_19)
     OBUF:I->O                 2.571          remained_money_19_OBUF (remained_money<19>)
    ----------------------------------------
    Total                      4.542ns (3.274ns logic, 1.267ns route)
                                       (72.1% logic, 27.9% route)

=========================================================================
Timing constraint: Default OFFSET OUT AFTER for Clock 'U3/options_pin[2]_AND_2048_o'
  Total number of paths / destination ports: 1 / 1
-------------------------------------------------------------------------
Offset:              4.542ns (Levels of Logic = 2)
  Source:            U3/remained_money_18_LDC (LATCH)
  Destination:       remained_money<18> (PAD)
  Source Clock:      U3/options_pin[2]_AND_2048_o falling

  Data Path: U3/remained_money_18_LDC to remained_money<18>
                                Gate     Net
    Cell:in->out      fanout   Delay   Delay  Logical Name (Net Name)
    ----------------------------------------  ------------
     LDC:G->Q              2   0.498   0.617  U3/remained_money_18_LDC (U3/remained_money_18_LDC)
     LUT3:I2->O            3   0.205   0.650  U3/remained_money_181 (U3/remained_money_18)
     OBUF:I->O                 2.571          remained_money_18_OBUF (remained_money<18>)
    ----------------------------------------
    Total                      4.542ns (3.274ns logic, 1.267ns route)
                                       (72.1% logic, 27.9% route)

=========================================================================
Timing constraint: Default OFFSET OUT AFTER for Clock 'U3/options_pin[2]_AND_2050_o'
  Total number of paths / destination ports: 1 / 1
-------------------------------------------------------------------------
Offset:              4.542ns (Levels of Logic = 2)
  Source:            U3/remained_money_17_LDC (LATCH)
  Destination:       remained_money<17> (PAD)
  Source Clock:      U3/options_pin[2]_AND_2050_o falling

  Data Path: U3/remained_money_17_LDC to remained_money<17>
                                Gate     Net
    Cell:in->out      fanout   Delay   Delay  Logical Name (Net Name)
    ----------------------------------------  ------------
     LDC:G->Q              2   0.498   0.617  U3/remained_money_17_LDC (U3/remained_money_17_LDC)
     LUT3:I2->O            3   0.205   0.650  U3/remained_money_171 (U3/remained_money_17)
     OBUF:I->O                 2.571          remained_money_17_OBUF (remained_money<17>)
    ----------------------------------------
    Total                      4.542ns (3.274ns logic, 1.267ns route)
                                       (72.1% logic, 27.9% route)

=========================================================================
Timing constraint: Default OFFSET OUT AFTER for Clock 'U3/options_pin[2]_AND_2052_o'
  Total number of paths / destination ports: 1 / 1
-------------------------------------------------------------------------
Offset:              4.542ns (Levels of Logic = 2)
  Source:            U3/remained_money_16_LDC (LATCH)
  Destination:       remained_money<16> (PAD)
  Source Clock:      U3/options_pin[2]_AND_2052_o falling

  Data Path: U3/remained_money_16_LDC to remained_money<16>
                                Gate     Net
    Cell:in->out      fanout   Delay   Delay  Logical Name (Net Name)
    ----------------------------------------  ------------
     LDC:G->Q              2   0.498   0.617  U3/remained_money_16_LDC (U3/remained_money_16_LDC)
     LUT3:I2->O            3   0.205   0.650  U3/remained_money_161 (U3/remained_money_16)
     OBUF:I->O                 2.571          remained_money_16_OBUF (remained_money<16>)
    ----------------------------------------
    Total                      4.542ns (3.274ns logic, 1.267ns route)
                                       (72.1% logic, 27.9% route)

=========================================================================
Timing constraint: Default OFFSET OUT AFTER for Clock 'U3/options_pin[2]_AND_2054_o'
  Total number of paths / destination ports: 6155626 / 8
-------------------------------------------------------------------------
Offset:              22.906ns (Levels of Logic = 17)
  Source:            U3/remained_money_15_LDC (LATCH)
  Destination:       a_to_g<5> (PAD)
  Source Clock:      U3/options_pin[2]_AND_2054_o falling

  Data Path: U3/remained_money_15_LDC to a_to_g<5>
                                Gate     Net
    Cell:in->out      fanout   Delay   Delay  Logical Name (Net Name)
    ----------------------------------------  ------------
     LDC:G->Q              3   0.498   0.651  U3/remained_money_15_LDC (U3/remained_money_15_LDC)
     LUT3:I2->O            9   0.205   1.077  U3/remained_money_151 (U3/remained_money_15)
     LUT5:I1->O           10   0.203   1.104  GND_5_o_GND_5_o_LessThan_19_o1 (Madd_GND_5_o_GND_5_o_add_29_OUT_cy<0>)
     LUT6:I2->O            8   0.203   0.803  Mmux_GND_5_o_GND_5_o_MUX_681_o11 (Madd_GND_5_o_GND_5_o_add_37_OUT_cy<0>)
     LUT6:I5->O           14   0.205   1.186  Mmux_GND_5_o_GND_5_o_MUX_701_o11 (Madd_GND_5_o_GND_5_o_add_47_OUT_cy<0>)
     LUT5:I2->O            3   0.205   0.995  Mmux_GND_5_o_GND_5_o_MUX_701_o111 (Madd_GND_5_o_GND_5_o_add_45_OUT_lut<3>)
     LUT5:I0->O            3   0.203   1.015  Mmux_GND_5_o_GND_5_o_MUX_717_o111 (Madd_GND_5_o_GND_5_o_add_53_OUT_lut<3>)
     LUT6:I0->O            9   0.203   0.830  Mmux_GND_5_o_GND_5_o_MUX_733_o12 (Madd_GND_5_o_GND_5_o_add_63_OUT_cy<0>)
     LUT6:I5->O           12   0.205   1.156  Mmux_GND_5_o_GND_5_o_MUX_753_o11 (Madd_n0353_Madd_cy<0>)
     LUT5:I1->O            3   0.203   0.995  Mmux_GND_5_o_GND_5_o_MUX_753_o121 (Madd_GND_5_o_GND_5_o_add_71_OUT_lut<2>)
     LUT5:I0->O            6   0.203   1.089  GND_5_o_GND_5_o_LessThan_71_o1 (GND_5_o_GND_5_o_LessThan_71_o)
     LUT6:I1->O            6   0.203   1.089  GND_5_o_GND_5_o_LessThan_79_o1 (GND_5_o_GND_5_o_LessThan_79_o)
     LUT6:I1->O            7   0.203   1.118  GND_5_o_GND_5_o_LessThan_87_o1 (GND_5_o_GND_5_o_LessThan_87_o)
     LUT6:I1->O            4   0.203   1.048  GND_5_o_GND_5_o_LessThan_95_o1 (GND_5_o_GND_5_o_LessThan_95_o)
     LUT6:I0->O            1   0.203   0.827  U5/Mmux_digit<2>12 (U5/Mmux_digit<2>11)
     LUT6:I2->O            7   0.203   1.021  U5/Mmux_digit<2>15 (U5/digit<2>)
     LUT4:I0->O            1   0.203   0.579  U5/Mram_a_to_g51 (a_to_g_5_OBUF)
     OBUF:I->O                 2.571          a_to_g_5_OBUF (a_to_g<5>)
    ----------------------------------------
    Total                     22.906ns (6.325ns logic, 16.581ns route)
                                       (27.6% logic, 72.4% route)

=========================================================================
Timing constraint: Default OFFSET OUT AFTER for Clock 'U3/options_pin[2]_AND_2056_o'
  Total number of paths / destination ports: 6155626 / 8
-------------------------------------------------------------------------
Offset:              22.914ns (Levels of Logic = 17)
  Source:            U3/remained_money_14_LDC (LATCH)
  Destination:       a_to_g<5> (PAD)
  Source Clock:      U3/options_pin[2]_AND_2056_o falling

  Data Path: U3/remained_money_14_LDC to a_to_g<5>
                                Gate     Net
    Cell:in->out      fanout   Delay   Delay  Logical Name (Net Name)
    ----------------------------------------  ------------
     LDC:G->Q              3   0.498   0.651  U3/remained_money_14_LDC (U3/remained_money_14_LDC)
     LUT3:I2->O            9   0.205   1.174  U3/remained_money_141 (U3/remained_money_14)
     LUT5:I0->O            3   0.203   1.015  Mmux_GND_5_o_GND_5_o_MUX_665_o111 (Madd_GND_5_o_GND_5_o_add_27_OUT_lut<3>)
     LUT6:I0->O            8   0.203   0.803  Mmux_GND_5_o_GND_5_o_MUX_681_o11 (Madd_GND_5_o_GND_5_o_add_37_OUT_cy<0>)
     LUT6:I5->O           14   0.205   1.186  Mmux_GND_5_o_GND_5_o_MUX_701_o11 (Madd_GND_5_o_GND_5_o_add_47_OUT_cy<0>)
     LUT5:I2->O            3   0.205   0.995  Mmux_GND_5_o_GND_5_o_MUX_701_o111 (Madd_GND_5_o_GND_5_o_add_45_OUT_lut<3>)
     LUT5:I0->O            3   0.203   1.015  Mmux_GND_5_o_GND_5_o_MUX_717_o111 (Madd_GND_5_o_GND_5_o_add_53_OUT_lut<3>)
     LUT6:I0->O            9   0.203   0.830  Mmux_GND_5_o_GND_5_o_MUX_733_o12 (Madd_GND_5_o_GND_5_o_add_63_OUT_cy<0>)
     LUT6:I5->O           12   0.205   1.156  Mmux_GND_5_o_GND_5_o_MUX_753_o11 (Madd_n0353_Madd_cy<0>)
     LUT5:I1->O            3   0.203   0.995  Mmux_GND_5_o_GND_5_o_MUX_753_o121 (Madd_GND_5_o_GND_5_o_add_71_OUT_lut<2>)
     LUT5:I0->O            6   0.203   1.089  GND_5_o_GND_5_o_LessThan_71_o1 (GND_5_o_GND_5_o_LessThan_71_o)
     LUT6:I1->O            6   0.203   1.089  GND_5_o_GND_5_o_LessThan_79_o1 (GND_5_o_GND_5_o_LessThan_79_o)
     LUT6:I1->O            7   0.203   1.118  GND_5_o_GND_5_o_LessThan_87_o1 (GND_5_o_GND_5_o_LessThan_87_o)
     LUT6:I1->O            4   0.203   1.048  GND_5_o_GND_5_o_LessThan_95_o1 (GND_5_o_GND_5_o_LessThan_95_o)
     LUT6:I0->O            1   0.203   0.827  U5/Mmux_digit<2>12 (U5/Mmux_digit<2>11)
     LUT6:I2->O            7   0.203   1.021  U5/Mmux_digit<2>15 (U5/digit<2>)
     LUT4:I0->O            1   0.203   0.579  U5/Mram_a_to_g51 (a_to_g_5_OBUF)
     OBUF:I->O                 2.571          a_to_g_5_OBUF (a_to_g<5>)
    ----------------------------------------
    Total                     22.914ns (6.325ns logic, 16.589ns route)
                                       (27.6% logic, 72.4% route)

=========================================================================
Timing constraint: Default OFFSET OUT AFTER for Clock 'U3/options_pin[2]_AND_2058_o'
  Total number of paths / destination ports: 6155626 / 8
-------------------------------------------------------------------------
Offset:              22.996ns (Levels of Logic = 17)
  Source:            U3/remained_money_13_LDC (LATCH)
  Destination:       a_to_g<5> (PAD)
  Source Clock:      U3/options_pin[2]_AND_2058_o falling

  Data Path: U3/remained_money_13_LDC to a_to_g<5>
                                Gate     Net
    Cell:in->out      fanout   Delay   Delay  Logical Name (Net Name)
    ----------------------------------------  ------------
     LDC:G->Q              2   0.498   0.617  U3/remained_money_13_LDC (U3/remained_money_13_LDC)
     LUT3:I2->O           10   0.205   1.201  U3/remained_money_131 (U3/remained_money_13)
     LUT5:I0->O           10   0.203   1.104  GND_5_o_GND_5_o_LessThan_19_o1 (Madd_GND_5_o_GND_5_o_add_29_OUT_cy<0>)
     LUT6:I2->O            8   0.203   0.803  Mmux_GND_5_o_GND_5_o_MUX_681_o11 (Madd_GND_5_o_GND_5_o_add_37_OUT_cy<0>)
     LUT6:I5->O           14   0.205   1.186  Mmux_GND_5_o_GND_5_o_MUX_701_o11 (Madd_GND_5_o_GND_5_o_add_47_OUT_cy<0>)
     LUT5:I2->O            3   0.205   0.995  Mmux_GND_5_o_GND_5_o_MUX_701_o111 (Madd_GND_5_o_GND_5_o_add_45_OUT_lut<3>)
     LUT5:I0->O            3   0.203   1.015  Mmux_GND_5_o_GND_5_o_MUX_717_o111 (Madd_GND_5_o_GND_5_o_add_53_OUT_lut<3>)
     LUT6:I0->O            9   0.203   0.830  Mmux_GND_5_o_GND_5_o_MUX_733_o12 (Madd_GND_5_o_GND_5_o_add_63_OUT_cy<0>)
     LUT6:I5->O           12   0.205   1.156  Mmux_GND_5_o_GND_5_o_MUX_753_o11 (Madd_n0353_Madd_cy<0>)
     LUT5:I1->O            3   0.203   0.995  Mmux_GND_5_o_GND_5_o_MUX_753_o121 (Madd_GND_5_o_GND_5_o_add_71_OUT_lut<2>)
     LUT5:I0->O            6   0.203   1.089  GND_5_o_GND_5_o_LessThan_71_o1 (GND_5_o_GND_5_o_LessThan_71_o)
     LUT6:I1->O            6   0.203   1.089  GND_5_o_GND_5_o_LessThan_79_o1 (GND_5_o_GND_5_o_LessThan_79_o)
     LUT6:I1->O            7   0.203   1.118  GND_5_o_GND_5_o_LessThan_87_o1 (GND_5_o_GND_5_o_LessThan_87_o)
     LUT6:I1->O            4   0.203   1.048  GND_5_o_GND_5_o_LessThan_95_o1 (GND_5_o_GND_5_o_LessThan_95_o)
     LUT6:I0->O            1   0.203   0.827  U5/Mmux_digit<2>12 (U5/Mmux_digit<2>11)
     LUT6:I2->O            7   0.203   1.021  U5/Mmux_digit<2>15 (U5/digit<2>)
     LUT4:I0->O            1   0.203   0.579  U5/Mram_a_to_g51 (a_to_g_5_OBUF)
     OBUF:I->O                 2.571          a_to_g_5_OBUF (a_to_g<5>)
    ----------------------------------------
    Total                     22.996ns (6.325ns logic, 16.671ns route)
                                       (27.5% logic, 72.5% route)

=========================================================================
Timing constraint: Default OFFSET OUT AFTER for Clock 'U3/options_pin[2]_AND_2060_o'
  Total number of paths / destination ports: 7387598 / 8
-------------------------------------------------------------------------
Offset:              22.837ns (Levels of Logic = 17)
  Source:            U3/remained_money_12_LDC (LATCH)
  Destination:       a_to_g<5> (PAD)
  Source Clock:      U3/options_pin[2]_AND_2060_o falling

  Data Path: U3/remained_money_12_LDC to a_to_g<5>
                                Gate     Net
    Cell:in->out      fanout   Delay   Delay  Logical Name (Net Name)
    ----------------------------------------  ------------
     LDC:G->Q              2   0.498   0.617  U3/remained_money_12_LDC (U3/remained_money_12_LDC)
     LUT3:I2->O           11   0.205   1.130  U3/remained_money_121 (U3/remained_money_12)
     LUT5:I1->O            3   0.203   1.015  Mmux_GND_5_o_GND_5_o_MUX_665_o111 (Madd_GND_5_o_GND_5_o_add_27_OUT_lut<3>)
     LUT6:I0->O            8   0.203   0.803  Mmux_GND_5_o_GND_5_o_MUX_681_o11 (Madd_GND_5_o_GND_5_o_add_37_OUT_cy<0>)
     LUT6:I5->O           14   0.205   1.186  Mmux_GND_5_o_GND_5_o_MUX_701_o11 (Madd_GND_5_o_GND_5_o_add_47_OUT_cy<0>)
     LUT5:I2->O            3   0.205   0.995  Mmux_GND_5_o_GND_5_o_MUX_701_o111 (Madd_GND_5_o_GND_5_o_add_45_OUT_lut<3>)
     LUT5:I0->O            3   0.203   1.015  Mmux_GND_5_o_GND_5_o_MUX_717_o111 (Madd_GND_5_o_GND_5_o_add_53_OUT_lut<3>)
     LUT6:I0->O            9   0.203   0.830  Mmux_GND_5_o_GND_5_o_MUX_733_o12 (Madd_GND_5_o_GND_5_o_add_63_OUT_cy<0>)
     LUT6:I5->O           12   0.205   1.156  Mmux_GND_5_o_GND_5_o_MUX_753_o11 (Madd_n0353_Madd_cy<0>)
     LUT5:I1->O            3   0.203   0.995  Mmux_GND_5_o_GND_5_o_MUX_753_o121 (Madd_GND_5_o_GND_5_o_add_71_OUT_lut<2>)
     LUT5:I0->O            6   0.203   1.089  GND_5_o_GND_5_o_LessThan_71_o1 (GND_5_o_GND_5_o_LessThan_71_o)
     LUT6:I1->O            6   0.203   1.089  GND_5_o_GND_5_o_LessThan_79_o1 (GND_5_o_GND_5_o_LessThan_79_o)
     LUT6:I1->O            7   0.203   1.118  GND_5_o_GND_5_o_LessThan_87_o1 (GND_5_o_GND_5_o_LessThan_87_o)
     LUT6:I1->O            4   0.203   1.048  GND_5_o_GND_5_o_LessThan_95_o1 (GND_5_o_GND_5_o_LessThan_95_o)
     LUT6:I0->O            1   0.203   0.827  U5/Mmux_digit<2>12 (U5/Mmux_digit<2>11)
     LUT6:I2->O            7   0.203   1.021  U5/Mmux_digit<2>15 (U5/digit<2>)
     LUT4:I0->O            1   0.203   0.579  U5/Mram_a_to_g51 (a_to_g_5_OBUF)
     OBUF:I->O                 2.571          a_to_g_5_OBUF (a_to_g<5>)
    ----------------------------------------
    Total                     22.837ns (6.325ns logic, 16.512ns route)
                                       (27.7% logic, 72.3% route)

=========================================================================
Timing constraint: Default OFFSET OUT AFTER for Clock 'U3/options_pin[2]_AND_2062_o'
  Total number of paths / destination ports: 6008423 / 8
-------------------------------------------------------------------------
Offset:              22.833ns (Levels of Logic = 17)
  Source:            U3/remained_money_11_LDC (LATCH)
  Destination:       a_to_g<5> (PAD)
  Source Clock:      U3/options_pin[2]_AND_2062_o falling

  Data Path: U3/remained_money_11_LDC to a_to_g<5>
                                Gate     Net
    Cell:in->out      fanout   Delay   Delay  Logical Name (Net Name)
    ----------------------------------------  ------------
     LDC:G->Q              2   0.498   0.617  U3/remained_money_11_LDC (U3/remained_money_11_LDC)
     LUT3:I2->O           13   0.205   1.037  U3/remained_money_111 (U3/remained_money_11)
     LUT5:I3->O           10   0.203   1.104  GND_5_o_GND_5_o_LessThan_19_o1 (Madd_GND_5_o_GND_5_o_add_29_OUT_cy<0>)
     LUT6:I2->O            8   0.203   0.803  Mmux_GND_5_o_GND_5_o_MUX_681_o11 (Madd_GND_5_o_GND_5_o_add_37_OUT_cy<0>)
     LUT6:I5->O           14   0.205   1.186  Mmux_GND_5_o_GND_5_o_MUX_701_o11 (Madd_GND_5_o_GND_5_o_add_47_OUT_cy<0>)
     LUT5:I2->O            3   0.205   0.995  Mmux_GND_5_o_GND_5_o_MUX_701_o111 (Madd_GND_5_o_GND_5_o_add_45_OUT_lut<3>)
     LUT5:I0->O            3   0.203   1.015  Mmux_GND_5_o_GND_5_o_MUX_717_o111 (Madd_GND_5_o_GND_5_o_add_53_OUT_lut<3>)
     LUT6:I0->O            9   0.203   0.830  Mmux_GND_5_o_GND_5_o_MUX_733_o12 (Madd_GND_5_o_GND_5_o_add_63_OUT_cy<0>)
     LUT6:I5->O           12   0.205   1.156  Mmux_GND_5_o_GND_5_o_MUX_753_o11 (Madd_n0353_Madd_cy<0>)
     LUT5:I1->O            3   0.203   0.995  Mmux_GND_5_o_GND_5_o_MUX_753_o121 (Madd_GND_5_o_GND_5_o_add_71_OUT_lut<2>)
     LUT5:I0->O            6   0.203   1.089  GND_5_o_GND_5_o_LessThan_71_o1 (GND_5_o_GND_5_o_LessThan_71_o)
     LUT6:I1->O            6   0.203   1.089  GND_5_o_GND_5_o_LessThan_79_o1 (GND_5_o_GND_5_o_LessThan_79_o)
     LUT6:I1->O            7   0.203   1.118  GND_5_o_GND_5_o_LessThan_87_o1 (GND_5_o_GND_5_o_LessThan_87_o)
     LUT6:I1->O            4   0.203   1.048  GND_5_o_GND_5_o_LessThan_95_o1 (GND_5_o_GND_5_o_LessThan_95_o)
     LUT6:I0->O            1   0.203   0.827  U5/Mmux_digit<2>12 (U5/Mmux_digit<2>11)
     LUT6:I2->O            7   0.203   1.021  U5/Mmux_digit<2>15 (U5/digit<2>)
     LUT4:I0->O            1   0.203   0.579  U5/Mram_a_to_g51 (a_to_g_5_OBUF)
     OBUF:I->O                 2.571          a_to_g_5_OBUF (a_to_g<5>)
    ----------------------------------------
    Total                     22.833ns (6.325ns logic, 16.508ns route)
                                       (27.7% logic, 72.3% route)

=========================================================================
Timing constraint: Default OFFSET OUT AFTER for Clock 'U3/options_pin[2]_AND_2064_o'
  Total number of paths / destination ports: 2179745 / 8
-------------------------------------------------------------------------
Offset:              21.399ns (Levels of Logic = 16)
  Source:            U3/remained_money_10_LDC (LATCH)
  Destination:       a_to_g<5> (PAD)
  Source Clock:      U3/options_pin[2]_AND_2064_o falling

  Data Path: U3/remained_money_10_LDC to a_to_g<5>
                                Gate     Net
    Cell:in->out      fanout   Delay   Delay  Logical Name (Net Name)
    ----------------------------------------  ------------
     LDC:G->Q              2   0.498   0.617  U3/remained_money_10_LDC (U3/remained_money_10_LDC)
     LUT3:I2->O           12   0.205   0.909  U3/remained_money_101 (U3/remained_money_10)
     LUT6:I5->O            8   0.205   0.803  Mmux_GND_5_o_GND_5_o_MUX_681_o11 (Madd_GND_5_o_GND_5_o_add_37_OUT_cy<0>)
     LUT6:I5->O           14   0.205   1.186  Mmux_GND_5_o_GND_5_o_MUX_701_o11 (Madd_GND_5_o_GND_5_o_add_47_OUT_cy<0>)
     LUT5:I2->O            3   0.205   0.995  Mmux_GND_5_o_GND_5_o_MUX_701_o111 (Madd_GND_5_o_GND_5_o_add_45_OUT_lut<3>)
     LUT5:I0->O            3   0.203   1.015  Mmux_GND_5_o_GND_5_o_MUX_717_o111 (Madd_GND_5_o_GND_5_o_add_53_OUT_lut<3>)
     LUT6:I0->O            9   0.203   0.830  Mmux_GND_5_o_GND_5_o_MUX_733_o12 (Madd_GND_5_o_GND_5_o_add_63_OUT_cy<0>)
     LUT6:I5->O           12   0.205   1.156  Mmux_GND_5_o_GND_5_o_MUX_753_o11 (Madd_n0353_Madd_cy<0>)
     LUT5:I1->O            3   0.203   0.995  Mmux_GND_5_o_GND_5_o_MUX_753_o121 (Madd_GND_5_o_GND_5_o_add_71_OUT_lut<2>)
     LUT5:I0->O            6   0.203   1.089  GND_5_o_GND_5_o_LessThan_71_o1 (GND_5_o_GND_5_o_LessThan_71_o)
     LUT6:I1->O            6   0.203   1.089  GND_5_o_GND_5_o_LessThan_79_o1 (GND_5_o_GND_5_o_LessThan_79_o)
     LUT6:I1->O            7   0.203   1.118  GND_5_o_GND_5_o_LessThan_87_o1 (GND_5_o_GND_5_o_LessThan_87_o)
     LUT6:I1->O            4   0.203   1.048  GND_5_o_GND_5_o_LessThan_95_o1 (GND_5_o_GND_5_o_LessThan_95_o)
     LUT6:I0->O            1   0.203   0.827  U5/Mmux_digit<2>12 (U5/Mmux_digit<2>11)
     LUT6:I2->O            7   0.203   1.021  U5/Mmux_digit<2>15 (U5/digit<2>)
     LUT4:I0->O            1   0.203   0.579  U5/Mram_a_to_g51 (a_to_g_5_OBUF)
     OBUF:I->O                 2.571          a_to_g_5_OBUF (a_to_g<5>)
    ----------------------------------------
    Total                     21.399ns (6.124ns logic, 15.275ns route)
                                       (28.6% logic, 71.4% route)

=========================================================================
Timing constraint: Default OFFSET OUT AFTER for Clock 'U3/options_pin[2]_AND_2066_o'
  Total number of paths / destination ports: 678623 / 8
-------------------------------------------------------------------------
Offset:              19.065ns (Levels of Logic = 14)
  Source:            U3/remained_money_9_LDC (LATCH)
  Destination:       a_to_g<5> (PAD)
  Source Clock:      U3/options_pin[2]_AND_2066_o falling

  Data Path: U3/remained_money_9_LDC to a_to_g<5>
                                Gate     Net
    Cell:in->out      fanout   Delay   Delay  Logical Name (Net Name)
    ----------------------------------------  ------------
     LDC:G->Q              2   0.498   0.617  U3/remained_money_9_LDC (U3/remained_money_9_LDC)
     LUT3:I2->O           12   0.205   0.909  U3/remained_money_91 (U3/remained_money_9)
     LUT6:I5->O            9   0.205   1.058  Mmux_remained_money_in_binary[12]_remained_money_in_binary[12]_MUX_697_o11 (Madd_GND_5_o_GND_5_o_add_45_OUT_cy<0>)
     LUT5:I2->O            3   0.205   1.015  Mmux_GND_5_o_GND_5_o_MUX_717_o111 (Madd_GND_5_o_GND_5_o_add_53_OUT_lut<3>)
     LUT6:I0->O            9   0.203   0.830  Mmux_GND_5_o_GND_5_o_MUX_733_o12 (Madd_GND_5_o_GND_5_o_add_63_OUT_cy<0>)
     LUT6:I5->O           12   0.205   1.156  Mmux_GND_5_o_GND_5_o_MUX_753_o11 (Madd_n0353_Madd_cy<0>)
     LUT5:I1->O            3   0.203   0.995  Mmux_GND_5_o_GND_5_o_MUX_753_o121 (Madd_GND_5_o_GND_5_o_add_71_OUT_lut<2>)
     LUT5:I0->O            6   0.203   1.089  GND_5_o_GND_5_o_LessThan_71_o1 (GND_5_o_GND_5_o_LessThan_71_o)
     LUT6:I1->O            6   0.203   1.089  GND_5_o_GND_5_o_LessThan_79_o1 (GND_5_o_GND_5_o_LessThan_79_o)
     LUT6:I1->O            7   0.203   1.118  GND_5_o_GND_5_o_LessThan_87_o1 (GND_5_o_GND_5_o_LessThan_87_o)
     LUT6:I1->O            4   0.203   1.048  GND_5_o_GND_5_o_LessThan_95_o1 (GND_5_o_GND_5_o_LessThan_95_o)
     LUT6:I0->O            1   0.203   0.827  U5/Mmux_digit<2>12 (U5/Mmux_digit<2>11)
     LUT6:I2->O            7   0.203   1.021  U5/Mmux_digit<2>15 (U5/digit<2>)
     LUT4:I0->O            1   0.203   0.579  U5/Mram_a_to_g51 (a_to_g_5_OBUF)
     OBUF:I->O                 2.571          a_to_g_5_OBUF (a_to_g<5>)
    ----------------------------------------
    Total                     19.065ns (5.716ns logic, 13.349ns route)
                                       (30.0% logic, 70.0% route)

=========================================================================
Timing constraint: Default OFFSET OUT AFTER for Clock 'U3/options_pin[2]_AND_2068_o'
  Total number of paths / destination ports: 210568 / 8
-------------------------------------------------------------------------
Offset:              17.619ns (Levels of Logic = 13)
  Source:            U3/remained_money_8_LDC (LATCH)
  Destination:       a_to_g<5> (PAD)
  Source Clock:      U3/options_pin[2]_AND_2068_o falling

  Data Path: U3/remained_money_8_LDC to a_to_g<5>
                                Gate     Net
    Cell:in->out      fanout   Delay   Delay  Logical Name (Net Name)
    ----------------------------------------  ------------
     LDC:G->Q              2   0.498   0.617  U3/remained_money_8_LDC (U3/remained_money_8_LDC)
     LUT3:I2->O           12   0.205   0.909  U3/remained_money_81 (U3/remained_money_8)
     LUT6:I5->O            9   0.205   0.830  Mmux_remained_money_in_binary[11]_remained_money_in_binary[11]_MUX_713_o11 (Madd_GND_5_o_GND_5_o_add_53_OUT_cy<0>)
     LUT6:I5->O            9   0.205   0.830  Mmux_GND_5_o_GND_5_o_MUX_733_o12 (Madd_GND_5_o_GND_5_o_add_63_OUT_cy<0>)
     LUT6:I5->O           12   0.205   1.156  Mmux_GND_5_o_GND_5_o_MUX_753_o11 (Madd_n0353_Madd_cy<0>)
     LUT5:I1->O            3   0.203   0.995  Mmux_GND_5_o_GND_5_o_MUX_753_o121 (Madd_GND_5_o_GND_5_o_add_71_OUT_lut<2>)
     LUT5:I0->O            6   0.203   1.089  GND_5_o_GND_5_o_LessThan_71_o1 (GND_5_o_GND_5_o_LessThan_71_o)
     LUT6:I1->O            6   0.203   1.089  GND_5_o_GND_5_o_LessThan_79_o1 (GND_5_o_GND_5_o_LessThan_79_o)
     LUT6:I1->O            7   0.203   1.118  GND_5_o_GND_5_o_LessThan_87_o1 (GND_5_o_GND_5_o_LessThan_87_o)
     LUT6:I1->O            4   0.203   1.048  GND_5_o_GND_5_o_LessThan_95_o1 (GND_5_o_GND_5_o_LessThan_95_o)
     LUT6:I0->O            1   0.203   0.827  U5/Mmux_digit<2>12 (U5/Mmux_digit<2>11)
     LUT6:I2->O            7   0.203   1.021  U5/Mmux_digit<2>15 (U5/digit<2>)
     LUT4:I0->O            1   0.203   0.579  U5/Mram_a_to_g51 (a_to_g_5_OBUF)
     OBUF:I->O                 2.571          a_to_g_5_OBUF (a_to_g<5>)
    ----------------------------------------
    Total                     17.619ns (5.513ns logic, 12.106ns route)
                                       (31.3% logic, 68.7% route)

=========================================================================
Timing constraint: Default OFFSET OUT AFTER for Clock 'U3/options_pin[2]_AND_2070_o'
  Total number of paths / destination ports: 62721 / 8
-------------------------------------------------------------------------
Offset:              15.713ns (Levels of Logic = 11)
  Source:            U3/remained_money_7_LDC (LATCH)
  Destination:       a_to_g<5> (PAD)
  Source Clock:      U3/options_pin[2]_AND_2070_o falling

  Data Path: U3/remained_money_7_LDC to a_to_g<5>
                                Gate     Net
    Cell:in->out      fanout   Delay   Delay  Logical Name (Net Name)
    ----------------------------------------  ------------
     LDC:G->Q              2   0.498   0.617  U3/remained_money_7_LDC (U3/remained_money_7_LDC)
     LUT3:I2->O           12   0.205   1.137  U3/remained_money_71 (U3/remained_money_7)
     LUT6:I3->O            3   0.205   1.015  Mmux_remained_money_in_binary[9]_remained_money_in_binary[10]_MUX_730_o11 (Madd_remained_money_in_binary[9]_GND_5_o_add_59_OUT_lut<3>)
     LUT6:I0->O            6   0.203   1.089  GND_5_o_remained_money_in_binary[9]_LessThan_59_o1 (GND_5_o_remained_money_in_binary[9]_LessThan_59_o)
     LUT6:I1->O            6   0.203   1.089  GND_5_o_remained_money_in_binary[8]_LessThan_67_o1 (GND_5_o_remained_money_in_binary[8]_LessThan_67_o)
     LUT6:I1->O            6   0.203   1.089  GND_5_o_remained_money_in_binary[7]_LessThan_75_o1 (GND_5_o_remained_money_in_binary[7]_LessThan_75_o)
     LUT6:I1->O            7   0.203   1.118  GND_5_o_remained_money_in_binary[6]_LessThan_83_o1 (GND_5_o_remained_money_in_binary[6]_LessThan_83_o)
     LUT6:I1->O            4   0.203   1.048  GND_5_o_remained_money_in_binary[5]_LessThan_91_o1 (GND_5_o_remained_money_in_binary[5]_LessThan_91_o)
     LUT6:I0->O            1   0.203   0.808  U5/Mmux_digit<2>11 (U5/Mmux_digit<2>1)
     LUT6:I3->O            7   0.205   1.021  U5/Mmux_digit<2>15 (U5/digit<2>)
     LUT4:I0->O            1   0.203   0.579  U5/Mram_a_to_g51 (a_to_g_5_OBUF)
     OBUF:I->O                 2.571          a_to_g_5_OBUF (a_to_g<5>)
    ----------------------------------------
    Total                     15.713ns (5.105ns logic, 10.608ns route)
                                       (32.5% logic, 67.5% route)

=========================================================================
Timing constraint: Default OFFSET OUT AFTER for Clock 'U3/options_pin[2]_AND_2072_o'
  Total number of paths / destination ports: 18586 / 8
-------------------------------------------------------------------------
Offset:              14.421ns (Levels of Logic = 10)
  Source:            U3/remained_money_6_LDC (LATCH)
  Destination:       a_to_g<5> (PAD)
  Source Clock:      U3/options_pin[2]_AND_2072_o falling

  Data Path: U3/remained_money_6_LDC to a_to_g<5>
                                Gate     Net
    Cell:in->out      fanout   Delay   Delay  Logical Name (Net Name)
    ----------------------------------------  ------------
     LDC:G->Q              2   0.498   0.617  U3/remained_money_6_LDC (U3/remained_money_6_LDC)
     LUT3:I2->O           12   0.205   1.137  U3/remained_money_61 (U3/remained_money_6)
     LUT6:I3->O            3   0.205   1.015  Mmux_remained_money_in_binary[8]_remained_money_in_binary[9]_MUX_746_o11 (Madd_remained_money_in_binary[8]_GND_5_o_add_67_OUT_lut<3>)
     LUT6:I0->O            6   0.203   1.089  GND_5_o_remained_money_in_binary[8]_LessThan_67_o1 (GND_5_o_remained_money_in_binary[8]_LessThan_67_o)
     LUT6:I1->O            6   0.203   1.089  GND_5_o_remained_money_in_binary[7]_LessThan_75_o1 (GND_5_o_remained_money_in_binary[7]_LessThan_75_o)
     LUT6:I1->O            7   0.203   1.118  GND_5_o_remained_money_in_binary[6]_LessThan_83_o1 (GND_5_o_remained_money_in_binary[6]_LessThan_83_o)
     LUT6:I1->O            4   0.203   1.048  GND_5_o_remained_money_in_binary[5]_LessThan_91_o1 (GND_5_o_remained_money_in_binary[5]_LessThan_91_o)
     LUT6:I0->O            1   0.203   0.808  U5/Mmux_digit<2>11 (U5/Mmux_digit<2>1)
     LUT6:I3->O            7   0.205   1.021  U5/Mmux_digit<2>15 (U5/digit<2>)
     LUT4:I0->O            1   0.203   0.579  U5/Mram_a_to_g51 (a_to_g_5_OBUF)
     OBUF:I->O                 2.571          a_to_g_5_OBUF (a_to_g<5>)
    ----------------------------------------
    Total                     14.421ns (4.902ns logic, 9.519ns route)
                                       (34.0% logic, 66.0% route)

=========================================================================
Timing constraint: Default OFFSET OUT AFTER for Clock 'U3/options_pin[2]_AND_2074_o'
  Total number of paths / destination ports: 5356 / 8
-------------------------------------------------------------------------
Offset:              13.130ns (Levels of Logic = 9)
  Source:            U3/remained_money_5_LDC (LATCH)
  Destination:       a_to_g<5> (PAD)
  Source Clock:      U3/options_pin[2]_AND_2074_o falling

  Data Path: U3/remained_money_5_LDC to a_to_g<5>
                                Gate     Net
    Cell:in->out      fanout   Delay   Delay  Logical Name (Net Name)
    ----------------------------------------  ------------
     LDC:G->Q              2   0.498   0.617  U3/remained_money_5_LDC (U3/remained_money_5_LDC)
     LUT3:I2->O           12   0.205   1.137  U3/remained_money_51 (U3/remained_money_5)
     LUT6:I3->O            3   0.205   1.015  Mmux_remained_money_in_binary[7]_remained_money_in_binary[8]_MUX_762_o11 (Madd_remained_money_in_binary[7]_GND_5_o_add_75_OUT_lut<3>)
     LUT6:I0->O            6   0.203   1.089  GND_5_o_remained_money_in_binary[7]_LessThan_75_o1 (GND_5_o_remained_money_in_binary[7]_LessThan_75_o)
     LUT6:I1->O            7   0.203   1.118  GND_5_o_remained_money_in_binary[6]_LessThan_83_o1 (GND_5_o_remained_money_in_binary[6]_LessThan_83_o)
     LUT6:I1->O            4   0.203   1.048  GND_5_o_remained_money_in_binary[5]_LessThan_91_o1 (GND_5_o_remained_money_in_binary[5]_LessThan_91_o)
     LUT6:I0->O            1   0.203   0.808  U5/Mmux_digit<2>11 (U5/Mmux_digit<2>1)
     LUT6:I3->O            7   0.205   1.021  U5/Mmux_digit<2>15 (U5/digit<2>)
     LUT4:I0->O            1   0.203   0.579  U5/Mram_a_to_g51 (a_to_g_5_OBUF)
     OBUF:I->O                 2.571          a_to_g_5_OBUF (a_to_g<5>)
    ----------------------------------------
    Total                     13.130ns (4.699ns logic, 8.431ns route)
                                       (35.8% logic, 64.2% route)

=========================================================================
Timing constraint: Default OFFSET OUT AFTER for Clock 'U3/options_pin[2]_AND_2076_o'
  Total number of paths / destination ports: 1506 / 8
-------------------------------------------------------------------------
Offset:              11.838ns (Levels of Logic = 8)
  Source:            U3/remained_money_4_LDC (LATCH)
  Destination:       a_to_g<5> (PAD)
  Source Clock:      U3/options_pin[2]_AND_2076_o falling

  Data Path: U3/remained_money_4_LDC to a_to_g<5>
                                Gate     Net
    Cell:in->out      fanout   Delay   Delay  Logical Name (Net Name)
    ----------------------------------------  ------------
     LDC:G->Q              2   0.498   0.617  U3/remained_money_4_LDC (U3/remained_money_4_LDC)
     LUT3:I2->O           12   0.205   1.137  U3/remained_money_41 (U3/remained_money_4)
     LUT6:I3->O            3   0.205   1.015  Mmux_remained_money_in_binary[6]_remained_money_in_binary[7]_MUX_778_o11 (Madd_remained_money_in_binary[6]_GND_5_o_add_83_OUT_lut<3>)
     LUT6:I0->O            7   0.203   1.118  GND_5_o_remained_money_in_binary[6]_LessThan_83_o1 (GND_5_o_remained_money_in_binary[6]_LessThan_83_o)
     LUT6:I1->O            4   0.203   1.048  GND_5_o_remained_money_in_binary[5]_LessThan_91_o1 (GND_5_o_remained_money_in_binary[5]_LessThan_91_o)
     LUT6:I0->O            1   0.203   0.808  U5/Mmux_digit<2>11 (U5/Mmux_digit<2>1)
     LUT6:I3->O            7   0.205   1.021  U5/Mmux_digit<2>15 (U5/digit<2>)
     LUT4:I0->O            1   0.203   0.579  U5/Mram_a_to_g51 (a_to_g_5_OBUF)
     OBUF:I->O                 2.571          a_to_g_5_OBUF (a_to_g<5>)
    ----------------------------------------
    Total                     11.838ns (4.496ns logic, 7.342ns route)
                                       (38.0% logic, 62.0% route)

=========================================================================
Timing constraint: Default OFFSET OUT AFTER for Clock 'U3/options_pin[2]_AND_2078_o'
  Total number of paths / destination ports: 421 / 8
-------------------------------------------------------------------------
Offset:              10.542ns (Levels of Logic = 7)
  Source:            U3/remained_money_3_LDC (LATCH)
  Destination:       a_to_g<5> (PAD)
  Source Clock:      U3/options_pin[2]_AND_2078_o falling

  Data Path: U3/remained_money_3_LDC to a_to_g<5>
                                Gate     Net
    Cell:in->out      fanout   Delay   Delay  Logical Name (Net Name)
    ----------------------------------------  ------------
     LDC:G->Q              2   0.498   0.617  U3/remained_money_3_LDC (U3/remained_money_3_LDC)
     LUT3:I2->O           13   0.205   1.161  U3/remained_money_31 (U3/remained_money_3)
     LUT6:I3->O            3   0.205   1.015  Mmux_remained_money_in_binary[5]_remained_money_in_binary[6]_MUX_794_o11 (Madd_remained_money_in_binary[5]_GND_5_o_add_91_OUT_lut<3>)
     LUT6:I0->O            4   0.203   1.048  GND_5_o_remained_money_in_binary[5]_LessThan_91_o1 (GND_5_o_remained_money_in_binary[5]_LessThan_91_o)
     LUT6:I0->O            1   0.203   0.808  U5/Mmux_digit<2>11 (U5/Mmux_digit<2>1)
     LUT6:I3->O            7   0.205   1.021  U5/Mmux_digit<2>15 (U5/digit<2>)
     LUT4:I0->O            1   0.203   0.579  U5/Mram_a_to_g51 (a_to_g_5_OBUF)
     OBUF:I->O                 2.571          a_to_g_5_OBUF (a_to_g<5>)
    ----------------------------------------
    Total                     10.542ns (4.293ns logic, 6.249ns route)
                                       (40.7% logic, 59.3% route)

=========================================================================
Timing constraint: Default OFFSET OUT AFTER for Clock 'U3/options_pin[2]_AND_2080_o'
  Total number of paths / destination ports: 113 / 8
-------------------------------------------------------------------------
Offset:              9.247ns (Levels of Logic = 6)
  Source:            U3/remained_money_2_LDC (LATCH)
  Destination:       a_to_g<3> (PAD)
  Source Clock:      U3/options_pin[2]_AND_2080_o falling

  Data Path: U3/remained_money_2_LDC to a_to_g<3>
                                Gate     Net
    Cell:in->out      fanout   Delay   Delay  Logical Name (Net Name)
    ----------------------------------------  ------------
     LDC:G->Q              2   0.498   0.617  U3/remained_money_2_LDC (U3/remained_money_2_LDC)
     LUT3:I2->O           10   0.205   1.085  U3/remained_money_210 (U3/remained_money_2)
     LUT6:I3->O            4   0.205   1.048  Mmux_remained_money_in_binary[4]_remained_money_in_binary[5]_MUX_810_o11 (Madd_remained_money_in_binary[4]_GND_5_o_add_99_OUT_lut<3>)
     LUT6:I0->O            1   0.203   0.808  U5/Mmux_digit<1>11 (U5/Mmux_digit<1>1)
     LUT6:I3->O            7   0.205   1.021  U5/Mmux_digit<1>15 (U5/digit<1>)
     LUT4:I0->O            1   0.203   0.579  U5/Mram_a_to_g31 (a_to_g_3_OBUF)
     OBUF:I->O                 2.571          a_to_g_3_OBUF (a_to_g<3>)
    ----------------------------------------
    Total                      9.247ns (4.090ns logic, 5.157ns route)
                                       (44.2% logic, 55.8% route)

=========================================================================
Timing constraint: Default OFFSET OUT AFTER for Clock 'U3/options_pin[2]_AND_2082_o'
  Total number of paths / destination ports: 29 / 8
-------------------------------------------------------------------------
Offset:              7.770ns (Levels of Logic = 5)
  Source:            U3/remained_money_1_LDC (LATCH)
  Destination:       a_to_g<0> (PAD)
  Source Clock:      U3/options_pin[2]_AND_2082_o falling

  Data Path: U3/remained_money_1_LDC to a_to_g<0>
                                Gate     Net
    Cell:in->out      fanout   Delay   Delay  Logical Name (Net Name)
    ----------------------------------------  ------------
     LDC:G->Q              2   0.498   0.617  U3/remained_money_1_LDC (U3/remained_money_1_LDC)
     LUT3:I2->O            7   0.205   1.002  U3/remained_money_110 (U3/remained_money_1)
     LUT6:I3->O            1   0.205   0.808  U5/Mmux_digit<3>11 (U5/Mmux_digit<3>1)
     LUT6:I3->O            7   0.205   0.878  U5/Mmux_digit<3>15 (U5/digit<3>)
     LUT4:I2->O            1   0.203   0.579  U5/Mram_a_to_g11 (a_to_g_0_OBUF)
     OBUF:I->O                 2.571          a_to_g_0_OBUF (a_to_g<0>)
    ----------------------------------------
    Total                      7.770ns (3.887ns logic, 3.883ns route)
                                       (50.0% logic, 50.0% route)

=========================================================================
Timing constraint: Default OFFSET OUT AFTER for Clock 'U3/options_pin[2]_AND_2084_o'
  Total number of paths / destination ports: 8 / 8
-------------------------------------------------------------------------
Offset:              6.810ns (Levels of Logic = 4)
  Source:            U3/remained_money_0_LDC (LATCH)
  Destination:       a_to_g<6> (PAD)
  Source Clock:      U3/options_pin[2]_AND_2084_o falling

  Data Path: U3/remained_money_0_LDC to a_to_g<6>
                                Gate     Net
    Cell:in->out      fanout   Delay   Delay  Logical Name (Net Name)
    ----------------------------------------  ------------
     LDC:G->Q              2   0.498   0.617  U3/remained_money_0_LDC (U3/remained_money_0_LDC)
     LUT3:I2->O            4   0.205   0.912  U3/remained_money_01 (U3/remained_money_0)
     LUT6:I3->O            7   0.205   1.021  U5/Mmux_digit<0>14 (U5/digit<0>)
     LUT4:I0->O            1   0.203   0.579  U5/Mram_a_to_g111 (a_to_g_1_OBUF)
     OBUF:I->O                 2.571          a_to_g_1_OBUF (a_to_g<1>)
    ----------------------------------------
    Total                      6.810ns (3.682ns logic, 3.128ns route)
                                       (54.1% logic, 45.9% route)

=========================================================================
Timing constraint: Default OFFSET OUT AFTER for Clock 'CLK'
  Total number of paths / destination ports: 65 / 12
-------------------------------------------------------------------------
Offset:              6.217ns (Levels of Logic = 3)
  Source:            U5/clkdiv_19 (FF)
  Destination:       a_to_g<6> (PAD)
  Source Clock:      CLK rising

  Data Path: U5/clkdiv_19 to a_to_g<6>
                                Gate     Net
    Cell:in->out      fanout   Delay   Delay  Logical Name (Net Name)
    ----------------------------------------  ------------
     FD:C->Q               9   0.447   1.194  U5/clkdiv_19 (U5/clkdiv_19)
     LUT6:I0->O            7   0.203   1.021  U5/Mmux_digit<2>15 (U5/digit<2>)
     LUT4:I0->O            1   0.203   0.579  U5/Mram_a_to_g51 (a_to_g_5_OBUF)
     OBUF:I->O                 2.571          a_to_g_5_OBUF (a_to_g<5>)
    ----------------------------------------
    Total                      6.217ns (3.424ns logic, 2.793ns route)
                                       (55.1% logic, 44.9% route)

=========================================================================
Timing constraint: Default OFFSET OUT AFTER for Clock 'okpin_OBUF'
  Total number of paths / destination ports: 4 / 4
-------------------------------------------------------------------------
Offset:              3.719ns (Levels of Logic = 1)
  Source:            U1/index_of_client_31 (LATCH)
  Destination:       index<31> (PAD)
  Source Clock:      okpin_OBUF falling

  Data Path: U1/index_of_client_31 to index<31>
                                Gate     Net
    Cell:in->out      fanout   Delay   Delay  Logical Name (Net Name)
    ----------------------------------------  ------------
     LD:G->Q               3   0.498   0.650  U1/index_of_client_31 (U1/index_of_client_31)
     OBUF:I->O                 2.571          index_31_OBUF (index<31>)
    ----------------------------------------
    Total                      3.719ns (3.069ns logic, 0.650ns route)
                                       (82.5% logic, 17.5% route)

=========================================================================
Timing constraint: Default OFFSET OUT AFTER for Clock 'debounce_actualizare/Divide/CLK0'
  Total number of paths / destination ports: 2 / 1
-------------------------------------------------------------------------
Offset:              4.847ns (Levels of Logic = 2)
  Source:            debounce_clock2/D0/Q (FF)
  Destination:       ok (PAD)
  Source Clock:      debounce_actualizare/Divide/CLK0 rising

  Data Path: debounce_clock2/D0/Q to ok
                                Gate     Net
    Cell:in->out      fanout   Delay   Delay  Logical Name (Net Name)
    ----------------------------------------  ------------
     FD:C->Q               4   0.447   1.048  debounce_clock2/D0/Q (debounce_clock2/D0/Q)
     LUT6:I0->O            1   0.203   0.579  U3/Mmux_okmoney23 (ok_OBUF)
     OBUF:I->O                 2.571          ok_OBUF (ok)
    ----------------------------------------
    Total                      4.847ns (3.221ns logic, 1.626ns route)
                                       (66.4% logic, 33.6% route)

=========================================================================
Timing constraint: Default path analysis
  Total number of paths / destination ports: 61 / 4
-------------------------------------------------------------------------
Delay:               11.834ns (Levels of Logic = 6)
  Source:            pin<1> (PAD)
  Destination:       ok (PAD)

  Data Path: pin<1> to ok
                                Gate     Net
    Cell:in->out      fanout   Delay   Delay  Logical Name (Net Name)
    ----------------------------------------  ------------
     IBUF:I->O           109   1.222   2.129  pin_1_IBUF (pin_1_IBUF)
     LUT3:I0->O           34   0.205   1.568  U3/Mmux_pin[2]_sum[4][30]_wide_mux_92_OUT1141 (U3/Mmux_pin[2]_sum[4][30]_wide_mux_92_OUT114)
     LUT5:I1->O            4   0.203   1.048  U1/Mmux_index_of_client[31]_index_of_client[31]_MUX_104_o25621 (U1/Mmux_index_of_client[31]_index_of_client[31]_MUX_104_o2562)
     LUT6:I0->O           69   0.203   1.901  U1/ok_pin3 (okpin_OBUF)
     LUT6:I3->O            1   0.205   0.579  U3/Mmux_okmoney23 (ok_OBUF)
     OBUF:I->O                 2.571          ok_OBUF (ok)
    ----------------------------------------
    Total                     11.834ns (4.609ns logic, 7.225ns route)
                                       (38.9% logic, 61.1% route)

=========================================================================

Cross Clock Domains Report:
--------------------------

Clock to Setup on destination clock CLK
--------------------------------+---------+---------+---------+---------+
                                | Src:Rise| Src:Fall| Src:Rise| Src:Fall|
Source Clock                    |Dest:Rise|Dest:Rise|Dest:Fall|Dest:Fall|
--------------------------------+---------+---------+---------+---------+
CLK                             |    4.146|         |         |         |
debounce_actualizare/Divide/CLK0|    1.232|         |         |         |
--------------------------------+---------+---------+---------+---------+

Clock to Setup on destination clock U3/okpin_clock_end_AND_1991_o
------------------+---------+---------+---------+---------+
                  | Src:Rise| Src:Fall| Src:Rise| Src:Fall|
Source Clock      |Dest:Rise|Dest:Rise|Dest:Fall|Dest:Fall|
------------------+---------+---------+---------+---------+
sign_actualization|         |         |    5.176|         |
sign_clock_end    |         |         |    5.426|         |
------------------+---------+---------+---------+---------+

Clock to Setup on destination clock U3/options_pin[2]_AND_2024_o
----------------------------+---------+---------+---------+---------+
                            | Src:Rise| Src:Fall| Src:Rise| Src:Fall|
Source Clock                |Dest:Rise|Dest:Rise|Dest:Fall|Dest:Fall|
----------------------------+---------+---------+---------+---------+
U3/options_pin[2]_AND_2024_o|         |         |    4.147|         |
sign_actualization          |         |         |    4.324|         |
----------------------------+---------+---------+---------+---------+

Clock to Setup on destination clock U3/options_pin[2]_AND_2026_o
----------------------------+---------+---------+---------+---------+
                            | Src:Rise| Src:Fall| Src:Rise| Src:Fall|
Source Clock                |Dest:Rise|Dest:Rise|Dest:Fall|Dest:Fall|
----------------------------+---------+---------+---------+---------+
U3/options_pin[2]_AND_2026_o|         |         |    4.147|         |
sign_actualization          |         |         |    4.324|         |
----------------------------+---------+---------+---------+---------+

Clock to Setup on destination clock U3/options_pin[2]_AND_2028_o
----------------------------+---------+---------+---------+---------+
                            | Src:Rise| Src:Fall| Src:Rise| Src:Fall|
Source Clock                |Dest:Rise|Dest:Rise|Dest:Fall|Dest:Fall|
----------------------------+---------+---------+---------+---------+
U3/options_pin[2]_AND_2028_o|         |         |    4.147|         |
sign_actualization          |         |         |    4.324|         |
----------------------------+---------+---------+---------+---------+

Clock to Setup on destination clock U3/options_pin[2]_AND_2030_o
----------------------------+---------+---------+---------+---------+
                            | Src:Rise| Src:Fall| Src:Rise| Src:Fall|
Source Clock                |Dest:Rise|Dest:Rise|Dest:Fall|Dest:Fall|
----------------------------+---------+---------+---------+---------+
U3/options_pin[2]_AND_2030_o|         |         |    4.147|         |
sign_actualization          |         |         |    4.324|         |
----------------------------+---------+---------+---------+---------+

Clock to Setup on destination clock U3/options_pin[2]_AND_2032_o
----------------------------+---------+---------+---------+---------+
                            | Src:Rise| Src:Fall| Src:Rise| Src:Fall|
Source Clock                |Dest:Rise|Dest:Rise|Dest:Fall|Dest:Fall|
----------------------------+---------+---------+---------+---------+
U3/options_pin[2]_AND_2032_o|         |         |    4.147|         |
sign_actualization          |         |         |    4.324|         |
----------------------------+---------+---------+---------+---------+

Clock to Setup on destination clock U3/options_pin[2]_AND_2034_o
----------------------------+---------+---------+---------+---------+
                            | Src:Rise| Src:Fall| Src:Rise| Src:Fall|
Source Clock                |Dest:Rise|Dest:Rise|Dest:Fall|Dest:Fall|
----------------------------+---------+---------+---------+---------+
U3/options_pin[2]_AND_2034_o|         |         |    4.147|         |
sign_actualization          |         |         |    4.324|         |
----------------------------+---------+---------+---------+---------+

Clock to Setup on destination clock U3/options_pin[2]_AND_2036_o
----------------------------+---------+---------+---------+---------+
                            | Src:Rise| Src:Fall| Src:Rise| Src:Fall|
Source Clock                |Dest:Rise|Dest:Rise|Dest:Fall|Dest:Fall|
----------------------------+---------+---------+---------+---------+
U3/options_pin[2]_AND_2036_o|         |         |    4.147|         |
sign_actualization          |         |         |    4.324|         |
----------------------------+---------+---------+---------+---------+

Clock to Setup on destination clock U3/options_pin[2]_AND_2038_o
----------------------------+---------+---------+---------+---------+
                            | Src:Rise| Src:Fall| Src:Rise| Src:Fall|
Source Clock                |Dest:Rise|Dest:Rise|Dest:Fall|Dest:Fall|
----------------------------+---------+---------+---------+---------+
U3/options_pin[2]_AND_2038_o|         |         |    4.147|         |
sign_actualization          |         |         |    4.324|         |
----------------------------+---------+---------+---------+---------+

Clock to Setup on destination clock U3/options_pin[2]_AND_2040_o
----------------------------+---------+---------+---------+---------+
                            | Src:Rise| Src:Fall| Src:Rise| Src:Fall|
Source Clock                |Dest:Rise|Dest:Rise|Dest:Fall|Dest:Fall|
----------------------------+---------+---------+---------+---------+
U3/options_pin[2]_AND_2040_o|         |         |    4.147|         |
sign_actualization          |         |         |    4.324|         |
----------------------------+---------+---------+---------+---------+

Clock to Setup on destination clock U3/options_pin[2]_AND_2042_o
----------------------------+---------+---------+---------+---------+
                            | Src:Rise| Src:Fall| Src:Rise| Src:Fall|
Source Clock                |Dest:Rise|Dest:Rise|Dest:Fall|Dest:Fall|
----------------------------+---------+---------+---------+---------+
U3/options_pin[2]_AND_2042_o|         |         |    4.147|         |
sign_actualization          |         |         |    4.324|         |
----------------------------+---------+---------+---------+---------+

Clock to Setup on destination clock U3/options_pin[2]_AND_2044_o
----------------------------+---------+---------+---------+---------+
                            | Src:Rise| Src:Fall| Src:Rise| Src:Fall|
Source Clock                |Dest:Rise|Dest:Rise|Dest:Fall|Dest:Fall|
----------------------------+---------+---------+---------+---------+
U3/options_pin[2]_AND_2044_o|         |         |    4.147|         |
sign_actualization          |         |         |    4.324|         |
----------------------------+---------+---------+---------+---------+

Clock to Setup on destination clock U3/options_pin[2]_AND_2046_o
----------------------------+---------+---------+---------+---------+
                            | Src:Rise| Src:Fall| Src:Rise| Src:Fall|
Source Clock                |Dest:Rise|Dest:Rise|Dest:Fall|Dest:Fall|
----------------------------+---------+---------+---------+---------+
U3/options_pin[2]_AND_2046_o|         |         |    4.147|         |
sign_actualization          |         |         |    4.324|         |
----------------------------+---------+---------+---------+---------+

Clock to Setup on destination clock U3/options_pin[2]_AND_2048_o
----------------------------+---------+---------+---------+---------+
                            | Src:Rise| Src:Fall| Src:Rise| Src:Fall|
Source Clock                |Dest:Rise|Dest:Rise|Dest:Fall|Dest:Fall|
----------------------------+---------+---------+---------+---------+
U3/options_pin[2]_AND_2048_o|         |         |    4.147|         |
sign_actualization          |         |         |    4.324|         |
----------------------------+---------+---------+---------+---------+

Clock to Setup on destination clock U3/options_pin[2]_AND_2050_o
----------------------------+---------+---------+---------+---------+
                            | Src:Rise| Src:Fall| Src:Rise| Src:Fall|
Source Clock                |Dest:Rise|Dest:Rise|Dest:Fall|Dest:Fall|
----------------------------+---------+---------+---------+---------+
U3/options_pin[2]_AND_2050_o|         |         |    4.147|         |
sign_actualization          |         |         |    4.324|         |
----------------------------+---------+---------+---------+---------+

Clock to Setup on destination clock U3/options_pin[2]_AND_2052_o
----------------------------+---------+---------+---------+---------+
                            | Src:Rise| Src:Fall| Src:Rise| Src:Fall|
Source Clock                |Dest:Rise|Dest:Rise|Dest:Fall|Dest:Fall|
----------------------------+---------+---------+---------+---------+
U3/options_pin[2]_AND_2052_o|         |         |    4.147|         |
sign_actualization          |         |         |    4.324|         |
----------------------------+---------+---------+---------+---------+

Clock to Setup on destination clock U3/options_pin[2]_AND_2054_o
----------------------------+---------+---------+---------+---------+
                            | Src:Rise| Src:Fall| Src:Rise| Src:Fall|
Source Clock                |Dest:Rise|Dest:Rise|Dest:Fall|Dest:Fall|
----------------------------+---------+---------+---------+---------+
U3/options_pin[2]_AND_2054_o|         |         |    4.359|         |
sign_actualization          |         |         |    4.536|         |
----------------------------+---------+---------+---------+---------+

Clock to Setup on destination clock U3/options_pin[2]_AND_2056_o
----------------------------+---------+---------+---------+---------+
                            | Src:Rise| Src:Fall| Src:Rise| Src:Fall|
Source Clock                |Dest:Rise|Dest:Rise|Dest:Fall|Dest:Fall|
----------------------------+---------+---------+---------+---------+
U3/options_pin[2]_AND_2056_o|         |         |    4.359|         |
sign_actualization          |         |         |    4.536|         |
----------------------------+---------+---------+---------+---------+

Clock to Setup on destination clock U3/options_pin[2]_AND_2058_o
----------------------------+---------+---------+---------+---------+
                            | Src:Rise| Src:Fall| Src:Rise| Src:Fall|
Source Clock                |Dest:Rise|Dest:Rise|Dest:Fall|Dest:Fall|
----------------------------+---------+---------+---------+---------+
U3/options_pin[2]_AND_2058_o|         |         |    4.353|         |
sign_actualization          |         |         |    4.530|         |
----------------------------+---------+---------+---------+---------+

Clock to Setup on destination clock U3/options_pin[2]_AND_2060_o
----------------------------+---------+---------+---------+---------+
                            | Src:Rise| Src:Fall| Src:Rise| Src:Fall|
Source Clock                |Dest:Rise|Dest:Rise|Dest:Fall|Dest:Fall|
----------------------------+---------+---------+---------+---------+
U3/options_pin[2]_AND_2060_o|         |         |    4.379|         |
sign_actualization          |         |         |    4.556|         |
----------------------------+---------+---------+---------+---------+

Clock to Setup on destination clock U3/options_pin[2]_AND_2062_o
----------------------------+---------+---------+---------+---------+
                            | Src:Rise| Src:Fall| Src:Rise| Src:Fall|
Source Clock                |Dest:Rise|Dest:Rise|Dest:Fall|Dest:Fall|
----------------------------+---------+---------+---------+---------+
U3/options_pin[2]_AND_2062_o|         |         |    4.429|         |
sign_actualization          |         |         |    4.606|         |
----------------------------+---------+---------+---------+---------+

Clock to Setup on destination clock U3/options_pin[2]_AND_2064_o
----------------------------+---------+---------+---------+---------+
                            | Src:Rise| Src:Fall| Src:Rise| Src:Fall|
Source Clock                |Dest:Rise|Dest:Rise|Dest:Fall|Dest:Fall|
----------------------------+---------+---------+---------+---------+
U3/options_pin[2]_AND_2064_o|         |         |    4.405|         |
sign_actualization          |         |         |    4.582|         |
----------------------------+---------+---------+---------+---------+

Clock to Setup on destination clock U3/options_pin[2]_AND_2066_o
----------------------------+---------+---------+---------+---------+
                            | Src:Rise| Src:Fall| Src:Rise| Src:Fall|
Source Clock                |Dest:Rise|Dest:Rise|Dest:Fall|Dest:Fall|
----------------------------+---------+---------+---------+---------+
U3/options_pin[2]_AND_2066_o|         |         |    4.405|         |
sign_actualization          |         |         |    4.582|         |
----------------------------+---------+---------+---------+---------+

Clock to Setup on destination clock U3/options_pin[2]_AND_2068_o
----------------------------+---------+---------+---------+---------+
                            | Src:Rise| Src:Fall| Src:Rise| Src:Fall|
Source Clock                |Dest:Rise|Dest:Rise|Dest:Fall|Dest:Fall|
----------------------------+---------+---------+---------+---------+
U3/options_pin[2]_AND_2068_o|         |         |    4.405|         |
sign_actualization          |         |         |    4.582|         |
----------------------------+---------+---------+---------+---------+

Clock to Setup on destination clock U3/options_pin[2]_AND_2070_o
----------------------------+---------+---------+---------+---------+
                            | Src:Rise| Src:Fall| Src:Rise| Src:Fall|
Source Clock                |Dest:Rise|Dest:Rise|Dest:Fall|Dest:Fall|
----------------------------+---------+---------+---------+---------+
U3/options_pin[2]_AND_2070_o|         |         |    4.405|         |
sign_actualization          |         |         |    4.582|         |
----------------------------+---------+---------+---------+---------+

Clock to Setup on destination clock U3/options_pin[2]_AND_2072_o
----------------------------+---------+---------+---------+---------+
                            | Src:Rise| Src:Fall| Src:Rise| Src:Fall|
Source Clock                |Dest:Rise|Dest:Rise|Dest:Fall|Dest:Fall|
----------------------------+---------+---------+---------+---------+
U3/options_pin[2]_AND_2072_o|         |         |    4.405|         |
sign_actualization          |         |         |    4.582|         |
----------------------------+---------+---------+---------+---------+

Clock to Setup on destination clock U3/options_pin[2]_AND_2074_o
----------------------------+---------+---------+---------+---------+
                            | Src:Rise| Src:Fall| Src:Rise| Src:Fall|
Source Clock                |Dest:Rise|Dest:Rise|Dest:Fall|Dest:Fall|
----------------------------+---------+---------+---------+---------+
U3/options_pin[2]_AND_2074_o|         |         |    4.405|         |
sign_actualization          |         |         |    4.582|         |
----------------------------+---------+---------+---------+---------+

Clock to Setup on destination clock U3/options_pin[2]_AND_2076_o
----------------------------+---------+---------+---------+---------+
                            | Src:Rise| Src:Fall| Src:Rise| Src:Fall|
Source Clock                |Dest:Rise|Dest:Rise|Dest:Fall|Dest:Fall|
----------------------------+---------+---------+---------+---------+
U3/options_pin[2]_AND_2076_o|         |         |    4.405|         |
sign_actualization          |         |         |    4.582|         |
----------------------------+---------+---------+---------+---------+

Clock to Setup on destination clock U3/options_pin[2]_AND_2078_o
----------------------------+---------+---------+---------+---------+
                            | Src:Rise| Src:Fall| Src:Rise| Src:Fall|
Source Clock                |Dest:Rise|Dest:Rise|Dest:Fall|Dest:Fall|
----------------------------+---------+---------+---------+---------+
U3/options_pin[2]_AND_2078_o|         |         |    4.429|         |
sign_actualization          |         |         |    4.606|         |
----------------------------+---------+---------+---------+---------+

Clock to Setup on destination clock U3/options_pin[2]_AND_2080_o
----------------------------+---------+---------+---------+---------+
                            | Src:Rise| Src:Fall| Src:Rise| Src:Fall|
Source Clock                |Dest:Rise|Dest:Rise|Dest:Fall|Dest:Fall|
----------------------------+---------+---------+---------+---------+
U3/options_pin[2]_AND_2080_o|         |         |    4.353|         |
sign_actualization          |         |         |    4.530|         |
----------------------------+---------+---------+---------+---------+

Clock to Setup on destination clock U3/options_pin[2]_AND_2082_o
----------------------------+---------+---------+---------+---------+
                            | Src:Rise| Src:Fall| Src:Rise| Src:Fall|
Source Clock                |Dest:Rise|Dest:Rise|Dest:Fall|Dest:Fall|
----------------------------+---------+---------+---------+---------+
U3/options_pin[2]_AND_2082_o|         |         |    4.269|         |
sign_actualization          |         |         |    4.446|         |
----------------------------+---------+---------+---------+---------+

Clock to Setup on destination clock U3/options_pin[2]_AND_2084_o
----------------------------+---------+---------+---------+---------+
                            | Src:Rise| Src:Fall| Src:Rise| Src:Fall|
Source Clock                |Dest:Rise|Dest:Rise|Dest:Fall|Dest:Fall|
----------------------------+---------+---------+---------+---------+
U3/options_pin[2]_AND_2084_o|         |         |    4.179|         |
sign_actualization          |         |         |    4.356|         |
----------------------------+---------+---------+---------+---------+

Clock to Setup on destination clock debounce_actualizare/Divide/CLK0
--------------------------------+---------+---------+---------+---------+
                                | Src:Rise| Src:Fall| Src:Rise| Src:Fall|
Source Clock                    |Dest:Rise|Dest:Rise|Dest:Fall|Dest:Fall|
--------------------------------+---------+---------+---------+---------+
debounce_actualizare/Divide/CLK0|    1.232|         |         |         |
--------------------------------+---------+---------+---------+---------+

Clock to Setup on destination clock okpin_OBUF
---------------+---------+---------+---------+---------+
               | Src:Rise| Src:Fall| Src:Rise| Src:Fall|
Source Clock   |Dest:Rise|Dest:Rise|Dest:Fall|Dest:Fall|
---------------+---------+---------+---------+---------+
okpin_OBUF     |         |         |    1.893|         |
---------------+---------+---------+---------+---------+

Clock to Setup on destination clock sign_actualization
-----------------------------+---------+---------+---------+---------+
                             | Src:Rise| Src:Fall| Src:Rise| Src:Fall|
Source Clock                 |Dest:Rise|Dest:Rise|Dest:Fall|Dest:Fall|
-----------------------------+---------+---------+---------+---------+
U3/okpin_clock_end_AND_1991_o|         |    1.550|         |         |
U3/options_pin[2]_AND_2024_o |         |    4.147|         |         |
U3/options_pin[2]_AND_2026_o |         |    4.147|         |         |
U3/options_pin[2]_AND_2028_o |         |    4.147|         |         |
U3/options_pin[2]_AND_2030_o |         |    4.147|         |         |
U3/options_pin[2]_AND_2032_o |         |    4.147|         |         |
U3/options_pin[2]_AND_2034_o |         |    4.147|         |         |
U3/options_pin[2]_AND_2036_o |         |    4.147|         |         |
U3/options_pin[2]_AND_2038_o |         |    4.147|         |         |
U3/options_pin[2]_AND_2040_o |         |    4.147|         |         |
U3/options_pin[2]_AND_2042_o |         |    4.147|         |         |
U3/options_pin[2]_AND_2044_o |         |    4.147|         |         |
U3/options_pin[2]_AND_2046_o |         |    4.147|         |         |
U3/options_pin[2]_AND_2048_o |         |    4.147|         |         |
U3/options_pin[2]_AND_2050_o |         |    4.147|         |         |
U3/options_pin[2]_AND_2052_o |         |    4.147|         |         |
U3/options_pin[2]_AND_2054_o |         |    4.359|         |         |
U3/options_pin[2]_AND_2056_o |         |    4.359|         |         |
U3/options_pin[2]_AND_2058_o |         |    4.353|         |         |
U3/options_pin[2]_AND_2060_o |         |    4.379|         |         |
U3/options_pin[2]_AND_2062_o |         |    4.429|         |         |
U3/options_pin[2]_AND_2064_o |         |    4.405|         |         |
U3/options_pin[2]_AND_2066_o |         |    4.405|         |         |
U3/options_pin[2]_AND_2068_o |         |    4.405|         |         |
U3/options_pin[2]_AND_2070_o |         |    4.405|         |         |
U3/options_pin[2]_AND_2072_o |         |    4.405|         |         |
U3/options_pin[2]_AND_2074_o |         |    4.405|         |         |
U3/options_pin[2]_AND_2076_o |         |    4.405|         |         |
U3/options_pin[2]_AND_2078_o |         |    4.429|         |         |
U3/options_pin[2]_AND_2080_o |         |    4.353|         |         |
U3/options_pin[2]_AND_2082_o |         |    4.269|         |         |
U3/options_pin[2]_AND_2084_o |         |    4.179|         |         |
sign_actualization           |    4.606|         |         |         |
-----------------------------+---------+---------+---------+---------+

Clock to Setup on destination clock sign_clock_end
-------------------+---------+---------+---------+---------+
                   | Src:Rise| Src:Fall| Src:Rise| Src:Fall|
Source Clock       |Dest:Rise|Dest:Rise|Dest:Fall|Dest:Fall|
-------------------+---------+---------+---------+---------+
sign_clock_hundreds|   10.826|         |         |         |
sign_clock_zecimals|    3.696|         |         |         |
-------------------+---------+---------+---------+---------+

Clock to Setup on destination clock sign_clock_hundreds
-------------------+---------+---------+---------+---------+
                   | Src:Rise| Src:Fall| Src:Rise| Src:Fall|
Source Clock       |Dest:Rise|Dest:Rise|Dest:Fall|Dest:Fall|
-------------------+---------+---------+---------+---------+
sign_clock_hundreds|    2.274|         |         |         |
-------------------+---------+---------+---------+---------+

Clock to Setup on destination clock sign_clock_zecimals
-------------------+---------+---------+---------+---------+
                   | Src:Rise| Src:Fall| Src:Rise| Src:Fall|
Source Clock       |Dest:Rise|Dest:Rise|Dest:Fall|Dest:Fall|
-------------------+---------+---------+---------+---------+
sign_clock_zecimals|    4.508|         |         |         |
-------------------+---------+---------+---------+---------+

=========================================================================


Total REAL time to Xst completion: 15.00 secs
Total CPU time to Xst completion: 15.40 secs
 
--> 

Total memory usage is 241156 kilobytes

Number of errors   :    0 (   0 filtered)
Number of warnings :  115 (   0 filtered)
Number of infos    :   23 (   0 filtered)

